sample_id,image_path,label,fold,patient_id,image_sha256
arc/1,1/BUS_1.jpg,0,3,1,04ce8a8d62e54c9fb65ce0af707518ffc0220956558cc53310780ea9132aaf18
arc/2,2/BUS_1.jpg,1,2,2,86429ee5101cd8eda7c5f5f6fa5b80f2aa601c80f8ae699e020dbde784baaaa2
arc/4,4/BUS_1.jpg,0,5,4,60a3512aa0eff8c65e52b040014f4b8b715fd0d1eb4377cee8ba2c548b5e4783
arc/6,6/BUS_1.jpg,0,1,6,be0b2a16f8650d8d058b6dc8080d5882c88b21901be70084171a954a98b00c9b
arc/7,7/BUS_1.jpg,1,1,7,61ba1fde8e65e1d168de01630c2b01f2282a651813a30f33d971cc8913cb4734
arc/8,8/BUS_1.jpg,0,1,8,29170e73ebae555b25573a9957808e75ecabeddcced688274d290f16f905e7c6
arc/9,9/BUS_1.jpg,0,2,9,d5990d2e4788798639be9aed7abb3f96e1fcea113e1c22a9dbf06d4f99c296ef
arc/11,11/BUS_1.jpg,0,5,11,2cb9d5a280f05c69f0922f37c89fa9c10ab43a63eb57efefd99bf39920b2bf6e
arc/12,12/BUS_1.jpg,0,5,12,0825242e860df5043c4d51b1ef1ba9acac01c78144ea3095730b7405083166b9
arc/13,13/BUS_1.jpg,0,4,13,6b7f564a94e7e7dee4abd616d7c256f537454a5a3c73342014904da477486871
arc/14,14/BUS_1.jpg,0,3,14,9fb1a01dc6ba3d7d2b486fe8fe3473c0da3bdd767e171754edb2471ce467bc6f
arc/15,15/BUS_1.jpg,0,1,15,c8a9ee655ca0d25a151c6d69af24dce0d3b933723f8e839beb6f89680e01e645
arc/16,16/BUS_1.jpg,0,1,16,3ab95472b21c5abf885819c6372cd0c83d4514f45db0683f0d88212748dff0b6
arc/17,17/BUS_1.jpg,0,2,17,ec7289ab73484bd2fa9c723fbd5d6e9afa2969faad7cda90112074439bcf2ccc
arc/18,18/BUS_1.jpg,0,5,18,bfeb76f5b02ba3e888e38c71f5f32420ac230bed3ad8e68ece7cdaca9d86a280
arc/19,19/BUS_1.jpg,0,3,19,7e9ca4ebc8600bd72b5218de02c3a0fa69ca5fe7b03f0ab3e32be1d78f4f59f7
arc/20,20/BUS_1.jpg,0,3,20,276acc52cc89534cf75797bbacea52523ab245321fa80345b3ae781906bf6810
arc/21,21/BUS_1.jpg,0,2,21,48891fb4f13cd68f70c521d8e7de041b2b5a3f9619d78e45fcfff5ae1b666322
arc/22,22/BUS_1.jpg,0,4,22,76004a88de42c537c367fd81b5c50399d0341c2cfbd4d5c8a83df537a776a0c8
arc/23,23/BUS_1.jpg,0,5,23,08dd76fc345c8e335c2a791913d262511ac24f392abb700f7fa343d2565d4c08
arc/24,24/BUS_1.jpg,1,3,24,597557f9d9d09ce52401954d7c2d92e4f11780088bcca4e07757ddcef694423d
arc/25,25/BUS_1.jpg,0,4,25,858d5cf5e675e18087f5730362f4d907e7e8af3930fca90d51e47347276d00f0
arc/26,26/BUS_1.jpg,0,4,26,e8a5e99e8afa225101a20252dd6dbbf5cdc2cafd917a7310c3907acfd269380f
arc/27,27/BUS_1.jpg,0,4,27,a42ca42780c7bbf1cd5a15ca7f1b7e84bf1231931a29b9df7c0d5fff8eae4373
arc/28,28/BUS_1.jpg,1,3,28,09399f9bd93b3860bc51306333816646ddfea07c7d8ed4a48d2abf880af1f809
arc/29,29/BUS_1.jpg,0,5,29,ce9ec9b9ca27bd05860df8a575700f089cace9cf5f03dba3930690a5049d7073
arc/30,30/BUS_1.jpg,1,1,30,28d43361d8c87d8e12cbfbcb953d56e2ec29763490fe05479157e9ef69b333b9
arc/31,31/BUS_1.jpg,0,1,31,232b253f8d49482854e6c45e5b25f921d4f31a08ca30295313dff7019de5e1a2
arc/32,32/BUS_1.jpg,0,3,32,cd22b20f91486041aa46b73640e65a96c0d2c21efb42957727545a6e2093ea3b
arc/33,33/BUS_1.jpg,1,1,33,b6446d26fa19a69a5201f0cd75d18408d37681f7128c5b3bfe74534be4c9a4e3
arc/34,34/BUS_1.jpg,1,1,34,51c8db8e09a62db1dce18ccd2361cc7e63278a72c5a58bd1c3c567b2fe93f41a
arc/35,35/BUS_1.jpg,0,2,35,b8bdcfd61b1426685346b1377d077a0df17ed0542776babc4918b2fab54fd441
arc/36,36/BUS_1.jpg,1,5,36,9a6665d0663d0e2c42d4a3a5c9072d7641987eb5cd1ec23189e5e062111b8096
arc/38,38/BUS_1.jpg,1,1,38,e48182ab6a1e2671fadea36c0a4220acee9a736bbbc7e6d83677365b374d153d
arc/39,39/BUS_1.jpg,0,2,39,a2c51edbacd629b1d7a3fc09ab1bda523913c19c8ffe75e3de920aa2448fb858
arc/40,40/BUS_1.jpg,1,5,40,baf9a90abc1ceafed216f2bbf3a8a8b0aeae2135d90b88c3c45a85683205c8f5
arc/41,41/BUS_1.jpg,0,2,41,4c0c17ce00bf9c42c7d9b4d1c5ba2476625af09e60cea6eaffe40801ed2a0594
arc/42,42/BUS_1.jpg,0,3,42,db0a01571cc5ff644cc83c9f25f1e40c3a7572b723aec7f028884596b129e446
arc/43,43/BUS_1.jpg,1,3,43,94fa636774be8aa782839eb94876d970374e060bd526b67dc68afa2bb9110ad8
arc/44,44/BUS_1.jpg,0,4,44,4360b3509949bccf4e4a2e5bae6d0c313d6e516efde5a23589df9eb9a36d2afa
arc/45,45/BUS_1.jpg,1,2,45,7fdd0d376b705a9c6b625c09bab04f52a7bf7acb9efd91f0d219eb36e06f5456
arc/46,46/BUS_1.jpg,0,1,46,57d5b5e9eb5bceaca8ae9e46eaeec411c8ffdd6206c8741be22d99064fab7f7a
arc/47,47/BUS_1.jpg,0,1,47,437cbfabddefd9f136c8586cebdd091f16ead2d807db092f5985fd082ed80bd1
arc/48,48/BUS_1.jpg,0,1,48,1e3ca9ff6414d3cb718c10b54959c310bf95e9a4ad9853d87d73c7f0aa146f88
arc/49,49/BUS_1.jpg,0,5,49,b41402d2df1737bf77f52e2e70fa8b466a3672cfbf4a037f0b1efecb25da7611
arc/50,50/BUS_1.jpg,0,5,50,ec9a5f3dca823c0330bf4ed67e92b602b0dd91cd20fbb2dad24eded205a00961
arc/51,51/BUS_1.jpg,1,2,51,bfeba4610a9f3b12b447f1921de313947a9128f0f7c84f931fc39e49906c9f38
arc/53,53/BUS_1.jpg,1,3,53,22066c05166d553f01a66fa1d014835ed26b6e9bd262dc892e3c4af60c9b6713
arc/54,54/BUS_1.jpg,1,4,54,5eba09086099d341aca8ca5fadf5771ec8e308892202cd41a5030742c514586b
arc/55,55/BUS_1.jpg,1,5,55,a7b6af348be128b0bbf3c8d735f3fabf54a762f41367eeb5d077c367d9f269ca
arc/56,56/BUS_1.jpg,1,1,56,f7285f066e8fcb20aa2f816353ee7f872463f91bfe51b10d5018a31831bb45c8
arc/57,57/BUS_1.jpg,1,1,57,8b19017be8c94981aa0a945b945ac4eb497a3c0d1dcf54fc2561e1a1f3b3066a
arc/58,58/BUS_1.jpg,0,1,58,8dd3b64e7d6fa2caf4ef914e305784a156152d5583ada91f4e7c3f3ea3dbd10d
arc/62,62/BUS_1.jpg,0,1,62,3f63d29936a85d33eb9ad0e9b3e092a90cc8afba6e97d4c1ebedef7037827d1c
arc/63,63/BUS_1.jpg,1,4,63,a05dbf09e39fbe75ded5432260b79e7e1fc66cb62aaf367f3771b1fc0bce8631
arc/64,64/BUS_1.jpg,0,5,64,837ab3f385f866e8ccf24419fa451f3b9b79b92a043eb527a3d78b50632cbb46
arc/65,65/BUS_1.jpg,1,3,65,6191ebebdcbf60cec274215793ebc0782c7f6ab28a66c7727a4b91920512ecc8
arc/66,66/BUS_1.jpg,0,3,66,993fb5d5be6c675756557f2b098c2abb69cdae8f29e150d4bca7b4d97613c60f
arc/67,67/BUS_1.jpg,1,2,67,fc05cfb29baecd489760a1af4aee407a1c932eb20c51b1cf3db894276a9941f5
arc/68,68/BUS_1.jpg,1,1,68,1bdd36a9c8ae28d54c8bdc09795621d1b63962b4b889cc4a920c12fc5885280b
arc/69,69/BUS_1.jpg,1,1,69,bb63234d1521b56c64d8cf2a197215bb67925219f26cf775041a7971085a44e6
arc/70,70/BUS_1.jpg,0,3,70,3ff230ccb24fcfef1f30c40b34d1d9c919838bde126d53a5acfcc9d30179913a
arc/72,72/BUS_1.jpg,1,2,72,5451e67f8cf1e0791ba082ee2ba34f73f877a6b3e08aa87e078b2f3f5f0df4e6
arc/73,73/BUS_1.jpg,1,3,73,51745335b758cae0aaa4234bfe44f50ad830bbd575eccc3e5d49dd00b5c5856b
arc/75,75/BUS_1.jpg,1,4,75,1aae2ac34d69147bdd72586320ba50320405c1127cc962a0592ef2323206ff96
arc/76,76/BUS_1.jpg,0,4,76,8467c596fe785d2a465bfc10ea7630d3be32b4cecf723ed3618299a3b9368d1f
arc/77,77/BUS_1.jpg,1,1,77,ac462c6b1e480e4f17017e5249b703c33cabb4456776cbe3086a555574f930a1
arc/79,79/BUS_1.jpg,0,4,79,ae092da3b99e4507e298474625e8e4858861a3893f804e15bfb824f69e890518
arc/80,80/BUS_1.jpg,1,4,80,6aad30655fa3a64681f3c18088255470fe850c5ecc875acfebef3bf2cfdc04f1
arc/81,81/BUS_1.jpg,1,5,81,1e0aa429608f51cb4d40caf5da1ff03bd70acf30d6152af5768ada34fc5f0f46
arc/82,82/BUS_1.jpg,0,4,82,c18eeb0d75efccb40ae98bde8ff91c3aeb529fd3af7a7fce64d6d9eff8042fba
arc/83,83/BUS_1.jpg,1,2,83,82b15b2843196b2295e7736c0ae3676dd73962a0c01d37fb47b5c4198c44289f
arc/84,84/BUS_1.jpg,0,4,84,dc795e6e399e0c9da52b5c11b0841f293e2d4ca3bcd1da030b818cae9ca9b3d4
arc/85,85/BUS_1.jpg,0,1,85,de119cdd2d35cd9dba09089a7b4ee0942174d9cabc66a218a41c6869ada4e3ab
arc/86,86/BUS_1.jpg,1,4,86,8320c5170860981a7093f5eda4809d1fdb3598d12e356ccea08daff728bf16c0
arc/88,88/BUS_1.jpg,0,3,88,6c1ace902df38a315c9972c5d86b637cd9b6510c3f9c5639104d90b4308409ed
arc/90,90/BUS_1.jpg,0,1,90,ff3caca3764daaf7409fede313c200fbc4777bd941c4b8a796697eb6e4fc8b01
arc/92,92/BUS_1.jpg,1,2,92,725e8e15048087d5390d3fc412b4892f5412e0a2fc2dd2d2342c87b3ff0667f2
arc/93,93/BUS_1.jpg,0,2,93,e2f155f21ce7beaf53f4c4111fd0ef4894912a3b66c478ea99f031bddeb153d9
arc/94,94/BUS_1.jpg,1,2,94,d12bfc8b5ce2a9d9338cea7eddcffd8f770737f0d759258e8101d11cb2a56ad9
arc/97,97/BUS_1.jpg,0,3,97,d6d2ec6f72e219059df58027b4590e689d01f2d39c9e78dc8fe87674880036a7
arc/98,98/BUS_1.jpg,0,1,98,371de42df59a25480cf58fe453c2df9659844c3220b9682b72a9558deec632e1
arc/100,100/BUS_1.jpg,1,3,100,27c203581b89b9916e9449186e3638e4255f1c82e4ffb7d0cc13f1fc80c724e1
arc/101,101/BUS_1.jpg,0,1,101,ac73ff3a5bfd44c7ba9bcf52c34b65ef1df2962d362e16e3cc5ea26d71ef36a4
arc/102,102/BUS_1.jpg,0,1,102,2569f1f1e61c7c74b9b5eb0627470f32473922622a0ea7d11bba46baaf07bd05
arc/103,103/BUS_1.jpg,0,3,103,8c4a6fee9e6f3d8dc979df40fd7d3c08b032f79cb80e7446d3f887ccbfd64717
arc/104,104/BUS_1.jpg,0,3,104,b2c7b29d474eaf31bdf2d2e28f0f5157911c004dec6fd40a6e82b5b97f9fbf89
arc/105,105/BUS_1.jpg,0,2,105,60badbd1456c3e91681d4932b2aeba029c41c79483dea3fd4c96d8e24139394c
arc/107,107/BUS_1.jpg,0,1,107,c1dea54f48e8963cc523dd23cf324d377b843e4febed70512104ffcb79a27868
arc/108,108/BUS_1.jpg,0,4,108,01ccdc6364ed9838aa67a113e3cffc2082d5592ac96bc38967cf496c5f2cadee
arc/109,109/BUS_1.jpg,0,2,109,4adebb6e269dccd49d5bf3d4ccafcfa02547482c7e23679c8fe693942d4396cb
arc/110,110/BUS_1.jpg,0,2,110,cae0d63a069e0a532968f6292f24bee79d1aff5963084ee872579ae123f6f497
arc/111,111/BUS_1.jpg,0,1,111,badf5de18d9a9c252087b3e4cace881f74522402fd4baf2cd47cd76764c3f356
arc/112,112/BUS_1.jpg,0,3,112,9a1d6d66c35c190b9f09d04633244dcbc0a2aeed8dac48d4f0d7f74c75478a09
arc/115,115/BUS_1.jpg,0,3,115,9a656abd44e022380a44e5f70d4b18f8a6939bbfafb343d4976202539cad6ccd
arc/116,116/BUS_1.jpg,1,1,116,50804c388bf645176432b29de43dd906db6fe4a48c49f7d31bd99fc6f430f94f
arc/117,117/BUS_1.jpg,0,5,117,1fa55b5c4fe824c0b766fed8beb6b5e1bdc1d52c87e77d898e437eab953a318e
arc/118,118/BUS_1.jpg,0,2,118,628c83df87d00c746b4c2d189eb4bad18a08807cf68ac4175f7a41600883c23f
arc/120,120/BUS_1.jpg,0,2,120,2c09c0c8cbd04dd3c1166e577ccb4a5d40d3dcd77ffc685c32681223de535a64
arc/121,121/BUS_1.jpg,0,4,121,aced5eba8cd20c050b648ce0bea0ed89c53b8af26e2fef0c644ca35adb7ee153
arc/122,122/BUS_1.jpg,0,5,122,27a7b3f035bf17a95d548f46a4391c80d9027c2aefe2a83ee5ba6055c5103fad
arc/123,123/BUS_1.jpg,0,2,123,b069b69b007181bab53d45c795762f1c796dea35d27de3e0392d30c15afb0bd5
arc/124,124/BUS_1.jpg,1,5,124,448a26e06d9394df6b71bf6227a2601cb447afe3a14ea7d0cca6f926cc729884
arc/127,127/BUS_1.jpg,0,3,127,f5bd368eda4bbd1dfb50dd65894c48a8aacfeddafdd4bc6f49f830112830ba6a
arc/128,128/BUS_1.jpg,0,4,128,d493b49c771fd49bd26553fe5d5d3a7c1ba759ce9a026f55b2dc5d715324a219
arc/129,129/BUS_1.jpg,0,3,129,f49641580be4aadfc349a89398304e5e161c270dfd58033d4b4091d3fbfe7155
arc/131,131/BUS_1.jpg,0,4,131,9b36bcb1bfa529fdb172856d78c07924ac5ad1d07d25ab451da6d236f846bbb7
arc/132,132/BUS_1.jpg,0,5,132,e6dd5ce63ad3cde87d3c23f76fbe620f1681c893202333bbe5eec590d55682ab
arc/133,133/BUS_1.jpg,1,5,133,fac29f7825ecf783120db78af813b5bbc8ff4d21480a8487bc2efabe8527ad63
arc/134,134/BUS_1.jpg,1,3,134,fb3ab818488c22493313d700444f97692a44208a23cbed526e2c1c88453399b8
arc/135,135/BUS_1.jpg,0,2,135,66fdef2cb2a705a66805de74d9ffa279c312e2899f6f8db3b7fc46c84817979b
arc/136,136/BUS_1.jpg,1,4,136,4930d55c587de159aa8b1758c0b49c52d644265b309489d0e205b80d898df0ac
arc/137,137/BUS_1.jpg,0,1,137,7287269151a0d643bb53bba032651ea7da36de60fadeb83cfa131e4732786fae
arc/138,138/BUS_1.jpg,1,5,138,f2a95af3a3712dc554a5487a44eb7e7175572cb29d95569929c183296aecdd3a
arc/139,139/BUS_1.jpg,0,3,139,305dccfdb18e292ea8d6a2ccdfd36008ef9e36625b8f3973dbb68864657f2398
arc/140,140/BUS_1.jpg,0,5,140,c3c99a233f71dffd44cccbe4475c45b6583105cdf052a0c246db11fa777329e3
arc/141,141/BUS_1.jpg,0,2,141,74d561b2c1d327d31fdddcbc1d6033576b36ba4eb411730025f57d92699f47bc
arc/142,142/BUS_1.jpg,0,2,142,8c48d8b24e9faf84fea1c3145e1e991d849d927945df889bab39b382cc3169b8
arc/143,143/BUS_1.jpg,0,3,143,e616c9d955ed1dcaddab2cf785bcbbea1d408d72cf3d4357db39eb962c19e8c8
arc/144,144/BUS_1.jpg,0,2,144,489c9fef6581f6426b5ce3fa617e36b0390c5654f5a3d9886b6f091fd2b0edad
arc/145,145/BUS_1.jpg,1,4,145,0ccb583027b0344db4cb2dd68dfdfaa01e16637113e145cebf4733d619769eda
arc/146,146/BUS_1.jpg,1,5,146,130551932bbde347033c9e6333421fa1e1a70fa5d77f559d45c1939166916be7
arc/147,147/BUS_1.jpg,0,4,147,6bc74cdc7dba99318a8826a3b8d3ad6b8847cded0258efc3eb8936c86b8227f5
arc/148,148/BUS_1.jpg,0,1,148,c41a014319068e3f7cb077902c6e4e0509d8897444d7631ce5d1bc35b6a48a02
arc/149,149/BUS_1.jpg,0,2,149,b62c2c19fc6d99f84cb23e9aad8f33fd150b92eaef99e6038de80faa372279b2
arc/150,150/BUS_1.jpg,0,3,150,c6624e63c5f2d0de7a7b84727572d72f21199ba91a57321676ef9caea984caeb
arc/151,151/BUS_1.jpg,0,4,151,27c80ea00568e37580baa236366a547954b681bfdcfb6401c8a9ef0080233181
arc/153,153/BUS_1.jpg,1,3,153,7b33b13e3d427883f1dd310760a528fadf94daad7fe039aa1d26910ad2c536f8
arc/154,154/BUS_1.jpg,0,3,154,14b93e5db95e2d9001fcfca51af66f1796df6c016480779584d968bc1d6fc3c1
arc/155,155/BUS_1.jpg,0,5,155,ecb22330a9d9297093207e4317bd92c12c1520cb21fa8543de88c1ab566d9e4e
arc/156,156/BUS_1.jpg,1,1,156,fa07f73acdcc86e522174a234aa302882a59a0a325c8cad8f503a812dafbb220
arc/157,157/BUS_1.jpg,0,5,157,dd63a6e9b798a336629af98bb869dcbbfe2506a5f27341a7122531572cd6c295
arc/158,158/BUS_1.jpg,1,4,158,f319946d572e9da982d295bc7fab3aedcd32b8d994301b5a5b9cdf5fa4c6a5e2
arc/159,159/BUS_1.jpg,0,1,159,37e2af06e4fba27e31d2cc4cd2e16ebccac55168ee35f30c69a1b08b9e9e6394
arc/161,161/BUS_1.jpg,1,4,161,d773b945947735f58022c69c0f9dc02493a693c5260e6994fb04ff2a942b9efb
arc/164,164/BUS_1.jpg,0,1,164,3899e1ed0418f635a3d67f58fc152f3b41a06430465a1607ddbd73bf028794f3
arc/166,166/BUS_1.jpg,0,4,166,86095d4717a0d35927a1864b3dcd1bf06523bc009f0ef673b3fa1ac8518e6c7a
arc/167,167/BUS_1.jpg,0,4,167,8970ff8af3bb8be945e3140a16e599fca14e5f3f36d09cb9dbd76159a78a0930
arc/168,168/BUS_1.jpg,0,1,168,4f6b9e2d14eaf2813b49e6367c9df17f03fb0bf18ebe54ff0d48ac24070e33e2
arc/169,169/BUS_1.jpg,1,1,169,b564bea82d0bfac1ae7a6bb0169c952227a08e7c2d2a14e1f230fca772beacbe
arc/170,170/BUS_1.jpg,0,1,170,4cd7da80ced0acc091e0d1ff1c9d5518c53a74b38d2fe004383fa0b98db0afc2
arc/171,171/BUS_1.jpg,0,2,171,a8c8c8f12dd504a5eff468c8bc700ca28348737324beae3b95445f082526ff71
arc/172,172/BUS_1.jpg,0,3,172,7eaf3e91ea6f13f55adfd92888d4fc7d305baf6b7fd780cb5bdb5d35b99c747b
arc/173,173/BUS_1.jpg,0,5,173,66a5966c2e76fdd2f441680824356c9285e46d4c48bdf6095ddd809287faed66
arc/174,174/BUS_1.jpg,0,1,174,4958fa9d71f469659377f3305c41a219cbb380e2bdcab2251a834dfea7fbf019
arc/175,175/BUS_1.jpg,0,5,175,97ff76302947d27120edb34e378fbc9b0c430931714b7fc3ee21577fd769baab
arc/176,176/BUS_1.jpg,0,1,176,8caba90c3bf8b93e00a7e1898b5836b8bc1462408ca47c964bdc93af370eadad
arc/178,178/BUS_1.jpg,0,5,178,a464cfdccd0bedd9efcba2403513691c8f4dd735a0b876e2c8142944514ae95c
arc/179,179/BUS_1.jpg,0,2,179,3db9a12425369918571c78841879e54a7fef8ceeaf1bd279620260ddae9cdb6e
arc/180,180/BUS_1.jpg,0,2,180,483b2eb80b29998b5ceaa57565c66b0093b95e3a7f3147e44b5db2499a2dd873
arc/181,181/BUS_1.jpg,0,4,181,bbb21822a15abafe9b5dd0fbe39b82e51352d01de24b8496a71aadb1566d68d3
arc/182,182/BUS_1.jpg,0,2,182,63eeeeac499076f5ddca1eee508e3e96e4e9a5b5d1fdc48fc26db3152a67241c
arc/183,183/BUS_1.jpg,1,2,183,770db687b1e30e5c4cbaae3e87ff6dea2e16db2e6842961ee9d5a53457252c32
arc/184,184/BUS_1.jpg,0,5,184,01e2096c4797173839ae7e771a0b467f2d32fb91f8ba37d4773b7093b9b51138
arc/185,185/BUS_1.jpg,0,3,185,51849b6d70b573e6de7133525374e8281adeb44da6733cf2ac68905428d84114
arc/186,186/BUS_1.jpg,1,1,186,42450609ee5807a01a3bad4a1ad0b2b1b00b19f3249a1c3b1803b3f0c448f4ac
arc/187,187/BUS_1.jpg,0,5,187,e0e343e51d007f0d275f29c74ba2210ec167c046e0187100ebd37fa05806b87d
arc/189,189/BUS_1.jpg,1,4,189,a5cb08c485c035cabc1bc73fc46dcfb4c88d62c5b01bf6677946d8d67420173f
arc/190,190/BUS_1.jpg,0,3,190,55c0f40467a6220ac8e9208f4b91c54fc9d2effc19d6656903296e2a2ec75dfd
arc/191,191/BUS_1.jpg,0,5,191,afb69edd5871c8100cde84934c81c1a90c1e961e395213eef69f7c7829ace837
arc/192,192/BUS_1.jpg,0,4,192,49c4f45dfd909a44fe7b9e889714c7a602bde7a6f964d0c240389fe43abab84c
arc/195,195/BUS_1.jpg,1,3,195,e731cb886b50962d095116512027cddac279044e8656944fbfde8c2741d17fd0
arc/196,196/BUS_1.jpg,1,5,196,9345a0dc598d9f0a3a67d7d5b45e36edc363d1274f6cd94f55fe8f35f5022d02
arc/197,197/BUS_1.jpg,0,2,197,b3222572fd657db32dfa797abac8d61ddffd0d8422ffe01c50e99bb264d96c1f
arc/198,198/BUS_1.jpg,0,3,198,8086aba5d15f5397b60e55c6e40a17c94e287a0428827143e7d7cc43113904e0
arc/199,199/BUS_1.jpg,0,4,199,5b989b6fe5899ec47398a7e121e418e5a3f6b24a7264b0acb9bcb73af7fbaf62
arc/200,200/BUS_1.jpg,0,2,200,4d15c341d36517d75b0dc55204cd5ef6416eb4512e39b40c2fda51d2e2f919bc
arc/201,201/BUS_1.jpg,0,4,201,42ef2f5f06be90878004c1737f27a8941e3448ad305643b4674f434fe025d147
arc/205,205/BUS_1.jpg,0,5,205,6dca6ac2644c8d39f6d721e04c9d254511a91a40eb0b7bafa9013c6e5d29850e
arc/206,206/BUS_1.jpg,0,1,206,fab8973b7454af23c4974c6e220771bef4581230d2894847f3c5cbb8c1edac7d
arc/208,208/BUS_1.jpg,0,2,208,3ba90e9ea9e211780a8521fd5f6c68437088192570441051055aa2b18fdd8eff
arc/209,209/BUS_1.jpg,1,2,209,a5681eac950fb424890ad93e97bd083e0889de27f3bf0de858e1d3ee3015b7bb
arc/210,210/BUS_1.jpg,1,5,210,6dd0d35c112c4a44ba6da03ae0c6640a29b986c29ae9d74ba14eba2268832e52
arc/211,211/BUS_1.jpg,0,3,211,cebcf9d96ed384126bc17ce0e26495feba8d4c507d5d98cbaaf4182313d98dc5
arc/212,212/BUS_1.jpg,0,2,212,553a767300b9c69a26c2aea1e11eddd4ed54b649dcd974495b9552174637118b
arc/214,214/BUS_1.jpg,0,5,214,bfb08d55924b1ec32153f6c3c32fa5f27aa4ff7cf4d9906d9ce305abb5871408
arc/215,215/BUS_1.jpg,1,3,215,36340b1cd7995916b85d36a661434fec7745cc6c302502aeee42b0aff997a9b6
arc/216,216/BUS_1.jpg,1,5,216,f248b6f17df90e0eaf078a7b58494ab9f11a5361afd8fb5af5992c5f3228bb6c
arc/218,218/BUS_1.jpg,1,3,218,60f79aed10a2b71054d01a230ff262a42fda005c62dc134c070ba19ad76b038e
arc/220,220/BUS_1.jpg,1,5,220,66290b662c0ffc34201029319670a3091fdaaa2ccc04b025d425d6109e0cfa5e
arc/222,222/BUS_1.jpg,1,2,222,18315ff33b0d3dd42a328e1bf4a20ba10b53b62abefc0745ceb353204b6e789e
arc/223,223/BUS_1.jpg,0,3,223,93c22c60b58097bba694d9de23beb4c4ff3dd09f5a70aa3340100aff15a41a0d
arc/224,224/BUS_1.jpg,1,4,224,6c47dd39c253f911b00ae08c71e93ea691a3df65116498bcd407dd7ee2262137
arc/226,226/BUS_1.jpg,1,4,226,5966e1266e58c473df684c80593f489999ed8a61ca5c0588fb2076c1a06d2775
arc/227,227/BUS_1.jpg,1,5,227,9fd8117aa8e4acfc842abcac2f202b30a819196924ddaed5161b2c25f602e2a0
arc/229,229/BUS_1.jpg,1,2,229,72c47cd2ed6e750402c655d03ae92e20d5cc5062c52f5df6a5bb138b16348175
arc/230,230/BUS_1.jpg,1,2,230,fdbcca67ffbdc2dcd47b7a36f328ea95e5a377115b5081b0ba5c4fabcf4b3497
arc/231,231/BUS_1.jpg,1,4,231,c85abc21401a69a3efd7c5fab06c32322797053cb5ca73b045158adfed1859ce
arc/233,233/BUS_1.jpg,1,1,233,b3426e141494ddd287c12b6d0bbde8da43ca50099ad2cc738fecdf3204065b45
arc/234,234/BUS_1.jpg,0,3,234,3218640420cf1be3d275d1c6a3cce28ba7d2687824fc96ba30f9a33c0d9b889f
arc/235,235/BUS_1.jpg,1,4,235,396d8fc9928813f0a9eb8c47e0c5164efac911eb77433e23bb518aba0696b982
arc/236,236/BUS_1.jpg,1,1,236,5e17f4a01a3c8a0ebee55e4d9978a7d797ca6d6c3320b15ca3b6be9c286369a2
arc/237,237/BUS_1.jpg,1,4,237,837f939b5a367aced25a56df60c70b7f174f59e636fe89aac61a5d5097dcabc8
arc/238,238/BUS_1.jpg,1,2,238,1ec223e6a57208515b4f0448886cc2922ebd5bb29defd6d7f75f477fd889f6e5
arc/240,240/BUS_1.jpg,1,1,240,ab2280adb7f471fb0717d4c3ef4792b237a4b87a9af1cd2326ba8ed239363521
arc/242,242/BUS_1.jpg,0,5,242,9b5f29e655e8c9c0fb8f65eda447ccefed1a09a73a5fe4ff1c1228e33ae46d9b
arc/243,243/BUS_1.jpg,0,2,243,e87ca837c9c0f343977efcbaf3fe56408bf9e2a61a326c06a9be3d71abf14781
arc/244,244/BUS_1.jpg,1,4,244,6cfd13bb00ae1c858ffd49041da206eecff8b0053962864b0c10d15b41d1b6d2
arc/245,245/BUS_1.jpg,1,4,245,1cb182ba0f6ad48e50482079139893b4ab4bdb300fe97c257808dc2aa3bcb3db
arc/246,246/BUS_1.jpg,1,2,246,0e58bcd4bf21dc4bcd63b7ab50adda3fb3529920398abceb1a01ab6ceec53cb0
arc/251,251/BUS_1.jpg,1,3,251,944d57099dc65aeeb4b21799bb21ca7f1499360bc0d929e6a5c5cf4b87c4ca9f
arc/252,252/BUS_1.jpg,1,5,252,a7e965a18f53e54ab71db33fda4b276255a1350d24f9618bf1df9bcfe75ffc9d
arc/253,253/BUS_1.jpg,1,5,253,ff38cb597d830f4e49fb5761d9c8d0229ca5ac6acc0d5266e9e2aebb29d6e899
arc/254,254/BUS_1.jpg,0,2,254,f2f74440970f2f48fdacacbd5458f76a37871b2eb0bc3da35905955e80a621d0
arc/255,255/BUS_1.jpg,0,4,255,77ddf4c1abfbd8354b5abde5bd7a4b3279091bdaadb6586893c4e5e59f32eee2
arc/258,258/BUS_1.jpg,1,1,258,215adfdb4bdf445f51ecaf6758ed7a80c11023db9bf830c4c00b83a26fe349a4
arc/259,259/BUS_1.jpg,1,3,259,9e37fb6ecec7c0c6d0669e0a9041eca85e9cc2151b6e206311b921599de1f0a9
arc/261,261/BUS_1.jpg,1,3,261,f61da10727ba42d9cff7347d639ce79cd6be6a4e4f63a2dce97a188b153532e8
arc/262,262/BUS_1.jpg,1,3,262,5d4393d99df9def34508b624ad830545de170d4d36157d6ddc8122f4fbb97ece
arc/263,263/BUS_1.jpg,0,5,263,04542c217101b7af74c7202269788c0da612ada07b5be47e8c5b705771567d47
arc/264,264/BUS_1.jpg,0,1,264,fd1e4aeebb751248e1ff0a3991776a44b2b554f1b3a769e897ebd6c20dadd268
arc/265,265/BUS_1.jpg,1,5,265,08ea656de12fb0e4a979505da3556407adf493bbad86983acf99b834fd405f0a
arc/266,266/BUS_1.jpg,1,4,266,c5a7799ab8b5101510c9a77c406e9a4b7a982fd25ec8f8d82a2ad5f0c2887d1c
arc/267,267/BUS_1.jpg,0,2,267,8d6e78dc36486da9f9fef6c504c3ffb4c9dc8bee1be57b60aa5d1232ffa1cd8c
arc/268,268/BUS_1.jpg,0,5,268,480e2b3e8ecb4da6bb9ce588cc9724c85207b4b7283d8b1fa3fcb73ca44b4f67
arc/269,269/BUS_1.jpg,0,4,269,b7abe77859bd22e785281413d3e94e2b419148ab1f305acece8169c58bc1e3d6
arc/270,270/BUS_1.jpg,1,2,270,f14e5c801d984c170475e3118a3d528740a618a64148eee0817117e3635b7fcf
arc/271,271/BUS_1.jpg,0,4,271,97db1147189e0484e4269fc3b0a3bebf3c241be9e40ec8f33eb04c6370b005c4
arc/272,272/BUS_1.jpg,1,3,272,344152d1827672966f45ef27fb425f7be16918b2e706cb5c1c6ed444c051f6b0
arc/273,273/BUS_1.jpg,1,4,273,6ed4b521efba38e7fcb98a63c2380bc42dee771e9d8c108aab313eb51c4a7d30
arc/274,274/BUS_1.jpg,0,5,274,637ecf686f876a6ced547ec7570144d357e40febad9554109dc5a49b549fe455
arc/275,275/BUS_1.jpg,1,2,275,69b139cce39520c8b65e776ab4f6604c4685a99b37e47360a44a43826e4d4096
arc/276,276/BUS_1.jpg,0,4,276,c66c954a2ffbf3e7d8e793fc2f2224112a1a1093facb632dcc1135b5898aa666
arc/277,277/BUS_1.jpg,0,3,277,b0e9eecc73cdf5cedccca8eca1821636130ae68401359214eedb76f45a2bf2f5
arc/278,278/BUS_1.jpg,1,1,278,56e5afe6c9833b556a3227a30d45e3029ce0547ad0cdcf956af1ec6b3a4546a1
arc/279,279/BUS_1.jpg,0,5,279,a27f8ff0c9f0fc84705586ce1a6be22c450cd159e035697444248f3378cb563a
arc/280,280/BUS_1.jpg,1,2,280,3d89eaf317eb73c65704653620353d63f2bd9ee2475f5bf9e6c4d9216477714a
arc/281,281/BUS_1.jpg,1,2,281,da1cea8f01139adcf05f9f8ab4b38f09fac1c0d147bb800ecf67fd0e54220a8d
arc/282,282/BUS_1.jpg,0,5,282,60d542cec7cc5a5593bc261f8b1189c31b34acdfaf7a411ae5abd5874f7246c1
arc/284,284/BUS_1.jpg,0,1,284,594ad415ae55c1d69dc7defa6224876dbe1fe2b0035d7d3ec9bad835f44e779d
arc/285,285/BUS_1.jpg,0,3,285,99bb812ee4095f78cddfda28e415a0e75f53f08f69628cec18a3b5f3543254af
arc/286,286/BUS_1.jpg,0,4,286,dd4f885dee02c2b8f8dcb46308d91838c66f2c85ac24be381746b4f692db18e6
arc/287,287/BUS_1.jpg,1,3,287,e4d9215c04bd015cafc2e9eaa4173e24c37bf005d1c18455a9b4901959418492
arc/288,288/BUS_1.jpg,1,1,288,e87473e5fa4179006a4ee6b1e23b9e72f8fb02b3dbeac17902e89efd249445b9
arc/289,289/BUS_1.jpg,1,2,289,328aff965dafd03cdd124ad050c6e1bfdebfaee6f1b1b48cb0dc4cede787a2c9
arc/290,290/BUS_1.jpg,1,5,290,155d4ad49fbd6cf2ff1bd44b92c05f9da57c905816058cd083611f0fd326c30b
arc/291,291/BUS_1.jpg,1,1,291,cef5f0a6d846a376bbf1a096ad6071e0856a4d1f8e5dcf1881c745fe48754c43
arc/292,292/BUS_1.jpg,1,5,292,40e9c869719a2b0a0cb13dbfe14924fb7a10004d0212425cc47e6e59e8775939
arc/293,293/BUS_1.jpg,1,3,293,66221a092e745a480e8e7db785f7333180fc808be9140b1e9232ceac3deab89d
arc/294,294/BUS_1.jpg,1,5,294,dcbf83fd389e0054765a69b4ba9868666316da22953947396d5d02bc028e1cd0
arc/295,295/BUS_1.jpg,0,1,295,db6bddb9354bfaabdec02ac0a220458bdc1dd1d89263bec97ba403a4469eea25
arc/296,296/BUS_1.jpg,1,3,296,181162e9967bff0c73526cc6a916622fc9f421a34f737a59851f61e4e94c35d5
arc/297,297/BUS_1.jpg,1,3,297,654a6e3254732493268153f2469c3875f19157d53ed8b7b09875abaf12fc66d2
arc/298,298/BUS_1.jpg,1,4,298,e2f405c215f57b4e39680fd898ae4d9b10db6b6813dcb712beb130b26614e09b
arc/299,299/BUS_1.jpg,1,2,299,59034f0a321b3be36208fe3f72068dcdd25a11dcdff82e4770528a6cbd35b72c
arc/301,301/BUS_1.jpg,0,4,301,3578b0aabb544a93a24c30f5f2f48b05f8b6389e4a72f2722a3a8386fc574510
arc/302,302/BUS_1.jpg,0,4,302,206957051634f09c148e5af4aeedc2229fbdd182fcaf163e002a4e1525849cfb
arc/303,303/BUS_1.jpg,1,5,303,8105d87abe857dfd9268c288624e9526942e9f5fc1125023857f623b5960c53f
