method,group,dataset,images,auc_mean,auc_sd,f1_mean,f1_sd
ResNet-18,Generic image classifiers,busi,645,0.9556041975488647,0.0219908237027104,0.826807423332592,0.05177906947849189
ResNet-18,Generic image classifiers,udiat,159,0.8742704557537093,0.0444116801880149,0.7345238095238095,0.09101499963593998
ResNet-18,Generic image classifiers,arc,248,0.8945765892563922,0.07185806601634627,0.8248092557848654,0.06770919674337396
ViT-B/16,Generic image classifiers,busi,645,0.9449416319223858,0.012046850044791502,0.8081022719634335,0.034818633915222316
ViT-B/16,Generic image classifiers,udiat,159,0.8824537238412837,0.04010205278951549,0.7732212885154061,0.10275982043105719
ViT-B/16,Generic image classifiers,arc,248,0.882025959809211,0.05456918767904759,0.7536097867578299,0.09407836030015677
ConvNeXt-B,Generic image classifiers,busi,645,0.9460478915631281,0.033674481499359844,0.7992475045064943,0.08121546618555146
ConvNeXt-B,Generic image classifiers,udiat,159,0.8966487844956745,0.048564736882558975,0.7346061231510147,0.09089179365806799
ConvNeXt-B,Generic image classifiers,arc,248,0.8781538822425521,0.09050799618071687,0.7407416856197344,0.09289459771795187
SW-ForkNet,Specialized image-level classifiers,busi,645,0.9580493299358576,0.013275948635303432,0.8184252507274701,0.03472909806215065
SW-ForkNet,Specialized image-level classifiers,udiat,159,0.8487197332173407,0.06385152628313955,0.7454545454545454,0.07115914028037033
SW-ForkNet,Specialized image-level classifiers,arc,248,0.8784588318085854,0.06395062796849396,0.7618276460381723,0.09185045203580249
HoVer-Trans,Specialized image-level classifiers,busi,645,0.8111080330166136,0.07329600933139734,0.6581902452119409,0.07366265417021182
HoVer-Trans,Specialized image-level classifiers,udiat,159,0.6997578657387269,0.09553140119835822,0.5476144907723854,0.10580222550587122
HoVer-Trans,Specialized image-level classifiers,arc,248,0.7769591054812729,0.07152763437935206,0.6487022682431417,0.06668570383393548
MsGoF,Specialized image-level classifiers,busi,645,0.6725477798954141,0.0813596216779511,0.289450498768403,0.2614460711133736
MsGoF,Specialized image-level classifiers,udiat,159,0.5207326857087622,0.12382886490845944,0.17478991596638654,0.26215255133662957
MsGoF,Specialized image-level classifiers,arc,248,0.5797931816404722,0.046673053489643686,0.18408258408258407,0.2149927105798822
CAM-QUS,Lesion-annotation-assisted classifiers,busi,645,0.9373360191443592,0.03582641093221196,0.8143571661313596,0.04140073176262317
CAM-QUS,Lesion-annotation-assisted classifiers,udiat,159,0.9219085592769801,0.039523676092734765,0.7776129718234981,0.056105622948169495
CAM-QUS,Lesion-annotation-assisted classifiers,arc,248,0.8702251935256861,0.0808148018909588,0.7882469462693278,0.062389141120753146
MB-DCNN,Lesion-annotation-assisted classifiers,busi,645,0.9304913321553256,0.015503990854153875,0.7950462059293719,0.026581596129963497
MB-DCNN,Lesion-annotation-assisted classifiers,udiat,159,0.8835870668406554,0.05825097651219614,0.7625027603974972,0.091028809606123
MB-DCNN,Lesion-annotation-assisted classifiers,arc,248,0.8774235671280005,0.049679081982766514,0.8024533259643866,0.05335406028686197
TDF-Net,Multimodal-trained classifier (B-mode inference),busi,645,0.849544031216044,0.026869625328689868,0.6503570166136444,0.044891141511335705
TDF-Net,Multimodal-trained classifier (B-mode inference),udiat,159,0.8253892996955198,0.11152962579564861,0.6089743589743589,0.08501145647355667
TDF-Net,Multimodal-trained classifier (B-mode inference),arc,248,0.8389819376026273,0.06360358625664239,0.6739374076216181,0.11406076201524593
IADA-Net,Proposed image-level method,busi,645,0.9749214073372052,0.014223546799525559,0.8766566837192501,0.030428217089873835
IADA-Net,Proposed image-level method,udiat,159,0.9099647189599344,0.0866516470926803,0.8542158426368951,0.05301785551543697
IADA-Net,Proposed image-level method,arc,248,0.9009297052154196,0.0579446978042296,0.8299741602067183,0.08496538966460944
