method,input_size,params_m,gflops,latency_ms_b1,throughput_b32,peak_mem_mb_b32,note
ResNet18,224x224,11.177538,3.627125,1.465552,10034.971818,290.065918,"Forward returns two class logits, shape [N, 2]. FlopCounterMode default registry omits normalization, activations/softmax, pooling/reductions, elementwise arithmetic. Peak memory is PyTorch allocated MiB; desktop graphics remain active."
ViT_B,224x224,85.800194,22.540717,3.683808,1235.319795,619.020996,"Forward returns two class logits, shape [N, 2]. FlopCounterMode default registry omits normalization, activations/softmax, elementwise arithmetic, unregistered aten._native_multi_head_attention. Peak memory is PyTorch allocated MiB; desktop graphics remain active."
ConvNeXt_B,224x224,87.568514,30.707415,8.099408,1047.154422,877.422852,"Forward returns two class logits, shape [N, 2]. FlopCounterMode default registry omits normalization, activations/softmax, pooling/reductions, elementwise arithmetic. Peak memory is PyTorch allocated MiB; desktop graphics remain active."
SW_ForkNet,224x224,11.092627,6.147511,11.688848,1895.127393,401.867676,"Forward returns two class logits, shape [N, 2]. FlopCounterMode default registry omits normalization, activations/softmax, pooling/reductions, elementwise arithmetic. Peak memory is PyTorch allocated MiB; desktop graphics remain active."
HoVerTrans,256x256,79.382798,3.141141,32.344128,554.941421,903.907227,"Grayscale image expanded to three channels; forward returns [N, 2] logits. FlopCounterMode default registry omits normalization, activations/softmax, pooling/reductions, elementwise arithmetic. Peak memory is PyTorch allocated MiB; desktop graphics remain active."
MsGoF,64x64,105.710758,8.199307,20.937327,907.760208,1743.902832,"Forward returns one binary logit per image [N]; original fold1/best.pt weights used because the untrained FP32 eval graph overflows; no training. FlopCounterMode default registry omits activations/softmax, pooling/reductions, elementwise arithmetic. Peak memory is PyTorch allocated MiB; desktop graphics remain active."
CAM_QUS,299x299,38.912030,13.510874,12.487824,1420.662399,818.976562,"Forward returns a tuple; classification logits are output[0], shape [N, 2]. FlopCounterMode default registry omits normalization, activations/softmax, pooling/reductions, resizing, elementwise arithmetic. Peak memory is PyTorch allocated MiB; desktop graphics remain active."
MB_DCNN,224x224,75.520012,1806.951328,88.957905,12.084282,2947.385742,"One original RGB-encoded B-mode image; the original PIL patches function prepares 9 crops before timing. Forward runs 9 crops x 6 coarse views, with 8+1 coarse microbatches per image, then one 9-crop classifier call and mean probability. Both networks are registered; 224 is each network view, not an original-image crop count. FlopCounterMode default registry omits normalization, activations/softmax, pooling/reductions, elementwise arithmetic. Peak memory is PyTorch allocated MiB; desktop graphics remain active."
TDF_Net,224x224,121.224159,60.368760,19.672816,425.890931,7884.491699,"One RGB-encoded B-mode image with the source ImageNet normalization. predict_available runs the shared ViT and B-mode encoder, reconstructs missing feature branches with reversible blocks, and fuses all three features; no Doppler or elastography image is supplied. All registered model parameters are retained. FlopCounterMode default registry omits normalization, activations/softmax, pooling/reductions, resizing, elementwise arithmetic, unregistered aten._native_multi_head_attention. Peak memory is PyTorch allocated MiB; desktop graphics remain active."
DINOv2B_GAP,224x224,86.582018,46.322458,6.045968,716.657325,673.642090,"Original DINOv2-B/14 forward, 16x16 patch grid. FlopCounterMode default registry omits normalization, activations/softmax, pooling/reductions, elementwise arithmetic. Peak memory is PyTorch allocated MiB; desktop graphics remain active."
DINOv2B_IADA,224x224,93.510354,47.095649,12.213920,681.073173,700.088379,"Original DINOv2-B/14 forward, 16x16 patch grid. FlopCounterMode default registry omits normalization, activations/softmax, pooling/reductions, elementwise arithmetic. Peak memory is PyTorch allocated MiB; desktop graphics remain active."
DINOv2L_GAP,224x224,304.370690,162.023969,13.129920,266.478709,1600.506348,"Original DINOv2-L/14 forward, 16x16 patch grid. FlopCounterMode default registry omits normalization, activations/softmax, pooling/reductions, elementwise arithmetic. Peak memory is PyTorch allocated MiB; desktop graphics remain active."
USFM_GAP,224x224,85.666898,35.126124,4.831280,1128.965088,583.906738,"Native USFM BEiT-B/16, 14x14 patch grid. FlopCounterMode default registry omits normalization, activations/softmax, pooling/reductions, elementwise arithmetic. Peak memory is PyTorch allocated MiB; desktop graphics remain active."
URFM_GAP,224x224,303.303682,123.107381,10.642368,350.386042,1504.887207,"R6 u16_gap, patch-token mean readout. FlopCounterMode default registry omits normalization, activations/softmax, pooling/reductions, elementwise arithmetic. Peak memory is PyTorch allocated MiB; desktop graphics remain active."
URFM_noDepth,224x224,312.133266,124.093054,12.725024,318.680403,1538.584473,"R6 u16_nd: original zero-output depth hooks; modules and computations retained. FlopCounterMode default registry omits normalization, activations/softmax, pooling/reductions, elementwise arithmetic. Peak memory is PyTorch allocated MiB; desktop graphics remain active."
URFM_noDBI,224x224,307.917442,123.973305,11.889952,351.224028,1522.488770,"R9 u16_nodbi: both DBI blocks removed after full head construction. FlopCounterMode default registry omits normalization, activations/softmax, pooling/reductions, elementwise arithmetic. Peak memory is PyTorch allocated MiB; desktop graphics remain active."
URFM_noCQ,224x224,312.133266,124.093054,16.902864,314.963307,1538.584473,"R9 u16_iada with context_proj zeroed; its parameters and forward computation remain. FlopCounterMode default registry omits normalization, activations/softmax, pooling/reductions, elementwise arithmetic. Peak memory is PyTorch allocated MiB; desktop graphics remain active."
IADA_Net,224x224,312.133266,124.093054,16.901904,312.417165,1538.584473,"R9 u16_iada, CQ path enabled. FlopCounterMode default registry omits normalization, activations/softmax, pooling/reductions, elementwise arithmetic. Peak memory is PyTorch allocated MiB; desktop graphics remain active."
