dataset,method,tp,fn,tn,fp,sensitivity,specificity,f1,patients,auc
breast,ResNet18,79,19,120,34,0.8061224489795918,0.7792207792207793,0.7488151658767772,252,0.8694672674264511
busbra,ResNet18,284,58,489,233,0.8304093567251462,0.6772853185595568,0.6612339930151339,1064,0.8342931428293726
clinical,ResNet18,96,24,,,0.8,,,120,
breast,ViT_B,80,18,121,33,0.8163265306122449,0.7857142857142857,0.7582938388625592,252,0.8602570898489266
busbra,ViT_B,290,52,474,248,0.847953216374269,0.6565096952908587,0.6590909090909091,1064,0.8429840760719897
clinical,ViT_B,103,17,,,0.8583333333333333,,,120,
breast,ConvNeXt_B,85,13,112,42,0.8673469387755102,0.7272727272727273,0.7555555555555555,252,0.8666180758017493
busbra,ConvNeXt_B,310,32,437,285,0.9064327485380117,0.6052631578947368,0.6616862326574173,1064,0.8707902026534481
clinical,ConvNeXt_B,104,16,,,0.8666666666666667,,,120,
breast,SW_ForkNet,80,18,113,41,0.8163265306122449,0.7337662337662337,0.730593607305936,252,0.8560164325470447
busbra,SW_ForkNet,305,37,359,363,0.8918128654970761,0.49722991689750695,0.6039603960396039,1064,0.8412345499019941
clinical,SW_ForkNet,100,20,,,0.8333333333333334,,,120,
breast,HoVerTrans,57,41,118,36,0.5816326530612245,0.7662337662337663,0.5968586387434555,252,0.6855950172276704
busbra,HoVerTrans,227,115,526,196,0.6637426900584795,0.7285318559556787,0.5934640522875817,1064,0.7632793896097584
clinical,HoVerTrans,97,23,,,0.8083333333333333,,,120,
breast,MsGoF_2023_repaired,3,95,153,1,0.030612244897959183,0.9935064935064936,0.058823529411764705,252,0.6376888417704745
busbra,MsGoF_2023_repaired,62,280,673,49,0.18128654970760233,0.9321329639889196,0.2737306843267108,1064,0.6660814663621194
clinical,MsGoF_2023_repaired,38,82,,,0.31666666666666665,,,120,
breast,CAM_QUS_full_partial_annotation,84,14,117,37,0.8571428571428571,0.7597402597402597,0.7671232876712328,252,0.8705274317519215
busbra,CAM_QUS_full_partial_annotation,310,32,348,374,0.9064327485380117,0.481994459833795,0.6042884990253411,1064,0.8338152629959015
clinical,CAM_QUS_full_partial_annotation,102,18,,,0.85,,,120,
breast,MB_DCNN_predicted_mask,79,19,109,45,0.8061224489795918,0.7077922077922078,0.7117117117117117,252,0.8560164325470448
busbra,MB_DCNN_predicted_mask,271,71,513,209,0.7923976608187134,0.7105263157894737,0.6593673965936739,1064,0.8343255414621503
clinical,MB_DCNN_predicted_mask,94,26,,,0.7833333333333333,,,120,
breast,TDF_ARC_Bmode,66,32,129,25,0.673469387755102,0.8376623376623377,0.6984126984126984,252,0.8495229260535383
busbra,TDF_ARC_Bmode,303,39,380,342,0.8859649122807017,0.5263157894736842,0.6139817629179332,1064,0.7998979443067501
clinical,TDF_ARC_Bmode,105,15,,,0.875,,,120,
breast,IADA_NoVFlipQuery,86,12,118,36,0.8775510204081632,0.7662337662337663,0.7818181818181819,252,0.9065067585475749
busbra,IADA_NoVFlipQuery,323,19,473,249,0.9444444444444444,0.6551246537396122,0.7067833698030634,1064,0.924559783577133
clinical,IADA_NoVFlipQuery,105,15,,,0.875,,,120,
