key,encoder,readout,busi_auc,busi_auc_sd,busi_f1,busi_f1_sd,udiat_auc,udiat_auc_sd,udiat_f1,udiat_f1_sd,arc_auc,arc_auc_sd,arc_f1,arc_f1_sd,macro_auc,macro_f1,breast_auc,breast_f1,breast_sensitivity,breast_specificity,busbra_auc,busbra_f1,busbra_sensitivity,busbra_specificity,ext_mean,clin_fn
urfm_iada,URFM-L/16,IADA-Net,0.9749214073372052,0.014223546799525559,0.8766566837192501,0.030428217089873835,0.9099647189599344,0.0866516470926803,0.8542158426368951,0.05301785551543697,0.9009297052154196,0.0579446978042296,0.8299741602067183,0.08496538966460944,0.9286052771708531,0.853615562187621,0.9065067585475749,0.7818181818181819,0.8775510204081632,0.7662337662337663,0.924559783577133,0.7067833698030634,0.9444444444444444,0.6551246537396122,0.9155332710623539,15
urfm_gap,URFM-L/16,GAP,0.9604497807725554,0.01214200714888614,0.8677875186232988,0.010539307857138776,0.9137615388333092,0.04905105729668825,0.8164380648591175,0.12449570023078166,0.9131527093596059,0.048543292643236965,0.8116023459389965,0.06412819591395907,0.9291213429884903,0.831942643140471,0.9018685396236417,0.784688995215311,0.8367346938775511,0.8116883116883117,0.9182906481346487,0.697928026172301,0.935672514619883,0.646814404432133,0.9100795938791452,14
urfm_cls,URFM-L/16,CLS,0.9641841545249725,0.02651894167840216,0.8645509913705851,0.042632212262742705,0.9119704219225749,0.06049786245074772,0.8354051796157058,0.04812575389133238,0.9260067245288919,0.03713642479542721,0.8400828157349896,0.0580123798735737,0.9340537669921464,0.8466796622404269,0.8999469917837265,0.794392523364486,0.8673469387755102,0.7987012987012987,0.9273420161669177,0.7312572087658593,0.9269005847953217,0.7119113573407202,0.913644503975322,16
urfm_nodepth,URFM-L/16,w/o explicit depth,0.9622479231540979,0.02889101606758986,0.8880561251613883,0.04047500054237109,0.8938234014789039,0.06184450589795501,0.7686077939947908,0.10717130130905406,0.8942075220892954,0.05027468531759325,0.8354562804834946,0.03718957366604454,0.9167596155740991,0.8307067332132245,0.900940895838855,0.7887323943661971,0.8571428571428571,0.7987012987012987,0.9127423822714682,0.7262313860252004,0.9269005847953217,0.703601108033241,0.9068416390551616,14
urfm_nodbi,URFM-L/16,w/o DBI,0.9589655172413792,0.02693795448189978,0.8684337515701133,0.043653675783838226,0.8972562950074912,0.055077539102975186,0.7900083542188805,0.1160726885559237,0.9212588943623427,0.04866358047634689,0.8290272517632008,0.06844924858724787,0.9258269022037378,0.8291564525173981,0.8957725947521865,0.7641509433962265,0.826530612244898,0.7857142857142857,0.9243248934894948,0.7280898876404495,0.9473684210526315,0.6897506925207756,0.9100487441208407,17
urfm_A,URFM-L/16,+ CLS branch,0.970609274669018,0.011720932999965126,0.8708020567116954,0.044061010370137724,0.9036117152385096,0.08405064344134291,0.7974966828836798,0.12232243966517312,0.9097654234107434,0.043705050841870687,0.8399367400378521,0.08964312776153227,0.9279954711060905,0.8360784932110759,0.9025311423270607,0.7582938388625592,0.8163265306122449,0.7857142857142857,0.9293466815700377,0.731651376146789,0.9327485380116959,0.7077562326869806,0.9159389119485493,15
urfm_C,URFM-L/16,+ CLS branch + depth weighting,0.9686026810665945,0.019188567410153474,0.8820292993248005,0.0438515688898767,0.900879126190131,0.09869490590342031,0.8345112781954886,0.08118103604483459,0.9078090546563453,0.0577244636670653,0.8351791203965118,0.08167217538904713,0.9257636206376902,0.8505732326389337,0.9004108136761197,0.7870370370370371,0.8673469387755102,0.7857142857142857,0.9313513469731577,0.7139689578713969,0.9415204678362573,0.6703601108033241,0.9158810803246387,15
dinob_iada,DINOv2-B/14,IADA-Net,0.9436563943941649,0.005732487678009172,0.8238733071890116,0.009824192071384094,0.8992532985355952,0.07618043925743392,0.746462063086104,0.09417415554062032,0.8790554382672611,0.07895596745287067,0.7841265025090441,0.1201515971881918,0.9073217103990071,0.7848206242613865,0.8792075271667109,0.7532467532467533,0.8877551020408163,0.7012987012987013,0.9013907113119826,0.656441717791411,0.9385964912280702,0.5637119113573407,0.8902991192393468,14
dinob_gap,DINOv2-B/14,GAP,0.9576561699015589,0.016655568418611003,0.8480764215043288,0.03867747311492329,0.9079377507128704,0.05511842096252405,0.7413725490196079,0.07318350007217682,0.8725693955743218,0.09223972619763117,0.7683975774690948,0.06280487648053676,0.9127211053962503,0.7859488493310106,0.9023986217863769,0.7567567567567568,0.8571428571428571,0.7402597402597403,0.8817652395068928,0.657563025210084,0.9152046783625731,0.5886426592797784,0.8920819306466348,14
dinob_cls,DINOv2-B/14,CLS,0.9488989158395734,0.024239489454930256,0.8280485867408804,0.06346548557484666,0.9058682518969601,0.06805565926121573,0.7901165103722648,0.0846157177879436,0.8934263820470717,0.0769435941738312,0.8021845263565417,0.10455048029129475,0.916064516594535,0.8067832078232291,0.8971640604293666,0.7741935483870968,0.8571428571428571,0.7727272727272727,0.8955306086083168,0.6866666666666666,0.9035087719298246,0.6551246537396122,0.8963473345188417,17
dinob_nodepth,DINOv2-B/14,w/o explicit depth,0.9547525431887902,0.014618755360019598,0.8183095835941299,0.036080034732567996,0.8937745879851142,0.08311323617230416,0.7505568268497329,0.09698427170710197,0.9003706310110251,0.06409608258359645,0.7967840629780506,0.09529006953732849,0.9162992540616433,0.7885501578073044,0.8829843625761993,0.7782805429864253,0.8775510204081632,0.7597402597402597,0.9019576873855922,0.6750788643533123,0.9385964912280702,0.6011080332409973,0.8924710249808958,12
dinob_nodbi,DINOv2-B/14,w/o DBI,0.9622214266620842,0.02107693791721191,0.8414831813382537,0.05109023061104735,0.9046986612536851,0.08336013149695755,0.8087385129490391,0.09073030943889908,0.9080178278207833,0.061321724008472335,0.7675404903976333,0.06828156777724614,0.9249793052455176,0.8059207282283086,0.8675457195865359,0.7570093457943925,0.826530612244898,0.7727272727272727,0.8925458845636715,0.6709816612729234,0.9093567251461988,0.6204986149584487,0.8800458020751036,15
dinol_gap,DINOv2-L/14,GAP,0.9559442373095139,0.015497520728963233,0.8585844263263619,0.016940077125788544,0.8851157508095309,0.05237118218362982,0.7456023079088095,0.08772106122424604,0.9007303151145514,0.05431436481675958,0.7998201124966533,0.05127144724748969,0.9139301010778654,0.801335615577275,0.8884177047442354,0.7407407407407407,0.8163265306122449,0.7532467532467533,0.903269832013089,0.7005649717514124,0.9064327485380117,0.6772853185595568,0.8958437683786622,17
usfm_gap,USFM-B/16,GAP,0.9543763734260926,0.025045645097353426,0.8670553948956792,0.0292658728417084,0.8722304383548402,0.061390311879995475,0.7530175706646295,0.165436806590261,0.9195894909688013,0.06335386290780506,0.7949454316896178,0.07058318071097745,0.9153987675832447,0.8050061324166421,0.859263185793798,0.7383177570093458,0.8061224489795918,0.7597402597402597,0.8610382141873614,0.6535087719298246,0.8713450292397661,0.6232686980609419,0.8601506999905797,21
