dataset,subset,unit,n_records,n_cases,benign,malignant,model_id,accuracy,accuracy_ci_low,accuracy_ci_high,accuracy_valid_bootstrap,auc,auc_ci_low,auc_ci_high,auc_valid_bootstrap,recall,recall_ci_low,recall_ci_high,recall_valid_bootstrap,specificity,specificity_ci_low,specificity_ci_high,specificity_valid_bootstrap,precision,precision_ci_low,precision_ci_high,precision_valid_bootstrap,f1,f1_ci_low,f1_ci_high,f1_valid_bootstrap
breast,all,image,252,252,154,98,iada,0.7738095238095238,0.7222222222222222,0.8253968253968254,2000,0.8428306387490061,0.7896274941435024,0.8901042367423684,2000,0.8163265306122449,0.73,0.8936295369211513,2000,0.7467532467532467,0.680265306122449,0.8141025641025641,2000,0.6722689075630253,0.5886978178368122,0.7557251908396947,2000,0.7373271889400922,0.6666666666666666,0.8,2000
breast,all,image,252,252,154,98,original_dabi,0.7658730158730159,0.7142857142857143,0.8174603174603174,2000,0.8454147892923403,0.793141872538489,0.8917755311967112,2000,0.8163265306122449,0.73,0.8936295369211513,2000,0.7337662337662337,0.6666666666666666,0.8000320512820511,2000,0.6611570247933884,0.5772279549718574,0.746031746031746,2000,0.730593607305936,0.6571428571428571,0.7943987817089452,2000
breast,all,image,252,252,154,98,resnet18,0.7738095238095238,0.7222222222222222,0.8253968253968254,2000,0.8267293930559236,0.7750680221737466,0.8765708420777097,2000,0.7448979591836735,0.6509433962264151,0.830004716981132,2000,0.7922077922077922,0.7278337169159954,0.8533375796178344,2000,0.6952380952380952,0.6057692307692307,0.7835051546391752,2000,0.7192118226600985,0.6451524766437511,0.7875647668393783,2000
breast,all,image,252,252,154,98,vit_b,0.75,0.6944444444444444,0.8055555555555556,2000,0.8175854757487411,0.7626040498534743,0.8698484853452233,2000,0.6836734693877551,0.5888573883161512,0.78,2000,0.7922077922077922,0.7254779411764706,0.8544489305979921,2000,0.6767676767676768,0.5853593668915412,0.7692307692307693,2000,0.6802030456852792,0.5988467586929932,0.7525969673154268,2000
breast,all,image,252,252,154,98,convnext_b,0.7301587301587301,0.6746031746031746,0.7857142857142857,2000,0.8291147627882322,0.7750972629854618,0.8793565771206028,2000,0.7448979591836735,0.6509433962264151,0.8333333333333334,2000,0.7207792207792207,0.6484764309764309,0.7924690956408588,2000,0.6293103448275862,0.5412768837419161,0.7232233594657375,2000,0.6822429906542056,0.6037586103623839,0.7530416951469583,2000
breast,all,image,252,252,154,98,sw_forknet,0.7380952380952381,0.6825396825396826,0.7936507936507936,2000,0.8275245163000265,0.7731191779073671,0.8759102282828002,2000,0.7959183673469388,0.7096627565982405,0.8750637755102038,2000,0.7012987012987013,0.6267605633802817,0.7718205759918443,2000,0.6290322580645161,0.5409670809095717,0.7132615546218486,2000,0.7027027027027027,0.626153829118129,0.7680118226600985,2000
breast,all,image,252,252,154,98,hovertrans,0.6428571428571429,0.5833333333333334,0.7023809523809523,2000,0.551948051948052,0.47672226785239297,0.6286238373584819,2000,0.15306122448979592,0.08695652173913043,0.22826086956521738,2000,0.9545454545454546,0.9197519599891862,0.9822537112010796,2000,0.6818181818181818,0.47619047619047616,0.8636363636363636,2000,0.25,0.14678899082568808,0.35000912408759116,2000
breast,all,case,252,252,154,98,iada,0.7738095238095238,0.7222222222222222,0.8253968253968254,2000,0.8428306387490061,0.7896274941435024,0.8901042367423684,2000,0.8163265306122449,0.73,0.8936295369211513,2000,0.7467532467532467,0.680265306122449,0.8141025641025641,2000,0.6722689075630253,0.5886978178368122,0.7557251908396947,2000,0.7373271889400922,0.6666666666666666,0.8,2000
breast,all,case,252,252,154,98,original_dabi,0.7658730158730159,0.7142857142857143,0.8174603174603174,2000,0.8454147892923403,0.793141872538489,0.8917755311967112,2000,0.8163265306122449,0.73,0.8936295369211513,2000,0.7337662337662337,0.6666666666666666,0.8000320512820511,2000,0.6611570247933884,0.5772279549718574,0.746031746031746,2000,0.730593607305936,0.6571428571428571,0.7943987817089452,2000
breast,all,case,252,252,154,98,resnet18,0.7738095238095238,0.7222222222222222,0.8253968253968254,2000,0.8267293930559236,0.7750680221737466,0.8765708420777097,2000,0.7448979591836735,0.6509433962264151,0.830004716981132,2000,0.7922077922077922,0.7278337169159954,0.8533375796178344,2000,0.6952380952380952,0.6057692307692307,0.7835051546391752,2000,0.7192118226600985,0.6451524766437511,0.7875647668393783,2000
breast,all,case,252,252,154,98,vit_b,0.75,0.6944444444444444,0.8055555555555556,2000,0.8175854757487411,0.7626040498534743,0.8698484853452233,2000,0.6836734693877551,0.5888573883161512,0.78,2000,0.7922077922077922,0.7254779411764706,0.8544489305979921,2000,0.6767676767676768,0.5853593668915412,0.7692307692307693,2000,0.6802030456852792,0.5988467586929932,0.7525969673154268,2000
breast,all,case,252,252,154,98,convnext_b,0.7301587301587301,0.6746031746031746,0.7857142857142857,2000,0.8291147627882322,0.7750972629854618,0.8793565771206028,2000,0.7448979591836735,0.6509433962264151,0.8333333333333334,2000,0.7207792207792207,0.6484764309764309,0.7924690956408588,2000,0.6293103448275862,0.5412768837419161,0.7232233594657375,2000,0.6822429906542056,0.6037586103623839,0.7530416951469583,2000
breast,all,case,252,252,154,98,sw_forknet,0.7380952380952381,0.6825396825396826,0.7936507936507936,2000,0.8275245163000265,0.7731191779073671,0.8759102282828002,2000,0.7959183673469388,0.7096627565982405,0.8750637755102038,2000,0.7012987012987013,0.6267605633802817,0.7718205759918443,2000,0.6290322580645161,0.5409670809095717,0.7132615546218486,2000,0.7027027027027027,0.626153829118129,0.7680118226600985,2000
breast,all,case,252,252,154,98,hovertrans,0.6428571428571429,0.5833333333333334,0.7023809523809523,2000,0.551948051948052,0.47672226785239297,0.6286238373584819,2000,0.15306122448979592,0.08695652173913043,0.22826086956521738,2000,0.9545454545454546,0.9197519599891862,0.9822537112010796,2000,0.6818181818181818,0.47619047619047616,0.8636363636363636,2000,0.25,0.14678899082568808,0.35000912408759116,2000
breast,birads4,image,139,139,81,58,iada,0.697841726618705,0.6187050359712231,0.7769784172661871,2000,0.7371221796509153,0.642762877820349,0.8189923222419949,2000,0.7413793103448276,0.6249487704918033,0.8518670309653915,2000,0.6666666666666666,0.5641025641025641,0.7738191244239631,2000,0.6142857142857143,0.4925373134328358,0.7321491448692152,2000,0.671875,0.566314953483095,0.762616088947024,2000
breast,birads4,image,139,139,81,58,original_dabi,0.6834532374100719,0.60431654676259,0.762589928057554,2000,0.7394636015325671,0.6447092090584299,0.821566256830601,2000,0.7413793103448276,0.6249487704918033,0.8518670309653915,2000,0.6419753086419753,0.5394736842105263,0.7468354430379747,2000,0.5972222222222222,0.4775947187141217,0.7123330479452055,2000,0.6615384615384615,0.5546218487394958,0.7534246575342466,2000
breast,birads4,image,139,139,81,58,resnet18,0.6834532374100719,0.60431654676259,0.762589928057554,2000,0.7396764580672627,0.6553305792678873,0.8190092057505209,2000,0.6379310344827587,0.5156131628787879,0.7600298507462685,2000,0.7160493827160493,0.611733746130031,0.8181818181818182,2000,0.6166666666666667,0.4843623991935484,0.7377049180327869,2000,0.6271186440677966,0.5094174114531612,0.7256702720419534,2000
breast,birads4,image,139,139,81,58,vit_b,0.6690647482014388,0.5899280575539568,0.7411870503597112,2000,0.7149851000425713,0.6215306562710449,0.7980413602941177,2000,0.5689655172413793,0.43747159090909093,0.6923076923076923,2000,0.7407407407407407,0.6410256410256411,0.8354430379746836,2000,0.6111111111111112,0.4745762711864407,0.7377405559515323,2000,0.5892857142857143,0.47418931583880036,0.6890756302521008,2000
breast,birads4,image,139,139,81,58,convnext_b,0.6402877697841727,0.5539568345323741,0.7194244604316546,2000,0.7518092805449127,0.6647419772843075,0.8297200002882509,2000,0.6206896551724138,0.48713235294117646,0.7407407407407407,2000,0.654320987654321,0.5454257767548907,0.7536231884057971,2000,0.5625,0.43937400318979264,0.6825595238095237,2000,0.5901639344262295,0.4752307434133244,0.6857142857142857,2000
breast,birads4,image,139,139,81,58,sw_forknet,0.6690647482014388,0.5899280575539568,0.7411870503597112,2000,0.7432950191570882,0.659683031577893,0.8255506988396624,2000,0.7068965517241379,0.5806290322580645,0.8181818181818182,2000,0.6419753086419753,0.5384146341463414,0.7468354430379747,2000,0.5857142857142857,0.46664383561643835,0.7,2000,0.640625,0.5320885894495413,0.732824427480916,2000
breast,birads4,image,139,139,81,58,hovertrans,0.5827338129496403,0.49640287769784175,0.6618705035971223,2000,0.4446573009791401,0.34788698544176705,0.5445914111226611,2000,0.08620689655172414,0.017543859649122806,0.16363636363636364,2000,0.9382716049382716,0.8799879518072289,0.9871794871794872,2000,0.5,0.15384615384615385,0.818560606060604,2000,0.14705882352941177,0.031746031746031744,0.25976849237718785,2000
breast,birads4,case,139,139,81,58,iada,0.697841726618705,0.6187050359712231,0.7769784172661871,2000,0.7371221796509153,0.642762877820349,0.8189923222419949,2000,0.7413793103448276,0.6249487704918033,0.8518670309653915,2000,0.6666666666666666,0.5641025641025641,0.7738191244239631,2000,0.6142857142857143,0.4925373134328358,0.7321491448692152,2000,0.671875,0.566314953483095,0.762616088947024,2000
breast,birads4,case,139,139,81,58,original_dabi,0.6834532374100719,0.60431654676259,0.762589928057554,2000,0.7394636015325671,0.6447092090584299,0.821566256830601,2000,0.7413793103448276,0.6249487704918033,0.8518670309653915,2000,0.6419753086419753,0.5394736842105263,0.7468354430379747,2000,0.5972222222222222,0.4775947187141217,0.7123330479452055,2000,0.6615384615384615,0.5546218487394958,0.7534246575342466,2000
breast,birads4,case,139,139,81,58,resnet18,0.6834532374100719,0.60431654676259,0.762589928057554,2000,0.7396764580672627,0.6553305792678873,0.8190092057505209,2000,0.6379310344827587,0.5156131628787879,0.7600298507462685,2000,0.7160493827160493,0.611733746130031,0.8181818181818182,2000,0.6166666666666667,0.4843623991935484,0.7377049180327869,2000,0.6271186440677966,0.5094174114531612,0.7256702720419534,2000
breast,birads4,case,139,139,81,58,vit_b,0.6690647482014388,0.5899280575539568,0.7411870503597112,2000,0.7149851000425713,0.6215306562710449,0.7980413602941177,2000,0.5689655172413793,0.43747159090909093,0.6923076923076923,2000,0.7407407407407407,0.6410256410256411,0.8354430379746836,2000,0.6111111111111112,0.4745762711864407,0.7377405559515323,2000,0.5892857142857143,0.47418931583880036,0.6890756302521008,2000
breast,birads4,case,139,139,81,58,convnext_b,0.6402877697841727,0.5539568345323741,0.7194244604316546,2000,0.7518092805449127,0.6647419772843075,0.8297200002882509,2000,0.6206896551724138,0.48713235294117646,0.7407407407407407,2000,0.654320987654321,0.5454257767548907,0.7536231884057971,2000,0.5625,0.43937400318979264,0.6825595238095237,2000,0.5901639344262295,0.4752307434133244,0.6857142857142857,2000
breast,birads4,case,139,139,81,58,sw_forknet,0.6690647482014388,0.5899280575539568,0.7411870503597112,2000,0.7432950191570882,0.659683031577893,0.8255506988396624,2000,0.7068965517241379,0.5806290322580645,0.8181818181818182,2000,0.6419753086419753,0.5384146341463414,0.7468354430379747,2000,0.5857142857142857,0.46664383561643835,0.7,2000,0.640625,0.5320885894495413,0.732824427480916,2000
breast,birads4,case,139,139,81,58,hovertrans,0.5827338129496403,0.49640287769784175,0.6618705035971223,2000,0.4446573009791401,0.34788698544176705,0.5445914111226611,2000,0.08620689655172414,0.017543859649122806,0.16363636363636364,2000,0.9382716049382716,0.8799879518072289,0.9871794871794872,2000,0.5,0.15384615384615385,0.818560606060604,2000,0.14705882352941177,0.031746031746031744,0.25976849237718785,2000
breast,posterior_absent,image,159,159,108,51,iada,0.7735849056603774,0.710691823899371,0.8364779874213837,2000,0.8217138707334786,0.7517538823483004,0.8873902027027027,2000,0.7843137254901961,0.6666666666666666,0.8867924528301887,2000,0.7685185185185185,0.6880454726765057,0.8468468468468469,2000,0.6153846153846154,0.49295774647887325,0.7273051948051946,2000,0.6896551724137931,0.5858347627215552,0.7742049068605179,2000
breast,posterior_absent,image,159,159,108,51,original_dabi,0.7610062893081762,0.6918238993710691,0.8238993710691824,2000,0.824800290486565,0.7550234797113536,0.8900927390149687,2000,0.7843137254901961,0.6666666666666666,0.8867924528301887,2000,0.75,0.6666666666666666,0.8301886792452831,2000,0.5970149253731343,0.47761194029850745,0.7101449275362319,2000,0.6779661016949152,0.5744628186222878,0.7647058823529411,2000
breast,posterior_absent,image,159,159,108,51,resnet18,0.7924528301886793,0.7232704402515723,0.8553459119496856,2000,0.8208061002178649,0.7465241952915324,0.8863717251390394,2000,0.6862745098039216,0.5576923076923077,0.8135691761923531,2000,0.8425925925925926,0.7676658829676071,0.9091113841113839,2000,0.6730769230769231,0.5434506263817244,0.8,2000,0.6796116504854369,0.5714285714285714,0.7777777777777778,2000
breast,posterior_absent,image,159,159,108,51,vit_b,0.7547169811320755,0.6855345911949685,0.8176100628930818,2000,0.7901234567901234,0.7068127163483925,0.8661239556397151,2000,0.5882352941176471,0.45454545454545453,0.7291666666666666,2000,0.8333333333333334,0.7623644507307874,0.9,2000,0.625,0.4791666666666667,0.7580943847072877,2000,0.6060606060606061,0.4827586206896552,0.7107636681500317,2000
breast,posterior_absent,image,159,159,108,51,convnext_b,0.7232704402515723,0.6540880503144654,0.7987421383647799,2000,0.8113652868554829,0.7408307292696755,0.8815711208017616,2000,0.6470588235294118,0.517827380952381,0.78,2000,0.7592592592592593,0.6759196696696697,0.8426062091503267,2000,0.559322033898305,0.43103448275862066,0.6889080459770114,2000,0.6,0.48976032273374465,0.7049180327868853,2000
breast,posterior_absent,image,159,159,108,51,sw_forknet,0.7421383647798742,0.6729559748427673,0.8113207547169812,2000,0.8104575163398693,0.7365074088145896,0.8803347675616368,2000,0.7254901960784313,0.6033620689655173,0.8444444444444444,2000,0.75,0.6666666666666666,0.8303926068090787,2000,0.578125,0.4482758620689655,0.6949152542372882,2000,0.6434782608695652,0.5320816757327271,0.7368421052631579,2000
breast,posterior_absent,image,159,159,108,51,hovertrans,0.6855345911949685,0.610062893081761,0.7547169811320755,2000,0.5430283224400871,0.4423063973063973,0.6368248351678292,2000,0.0784313725490196,0.016942090395480225,0.1568627450980392,2000,0.9722222222222222,0.9363636363636364,1.0,2000,0.5714285714285714,0.14285714285714285,1.0,2000,0.13793103448275862,0.03125,0.2592712842712842,2000
breast,posterior_absent,case,159,159,108,51,iada,0.7735849056603774,0.710691823899371,0.8364779874213837,2000,0.8217138707334786,0.7517538823483004,0.8873902027027027,2000,0.7843137254901961,0.6666666666666666,0.8867924528301887,2000,0.7685185185185185,0.6880454726765057,0.8468468468468469,2000,0.6153846153846154,0.49295774647887325,0.7273051948051946,2000,0.6896551724137931,0.5858347627215552,0.7742049068605179,2000
breast,posterior_absent,case,159,159,108,51,original_dabi,0.7610062893081762,0.6918238993710691,0.8238993710691824,2000,0.824800290486565,0.7550234797113536,0.8900927390149687,2000,0.7843137254901961,0.6666666666666666,0.8867924528301887,2000,0.75,0.6666666666666666,0.8301886792452831,2000,0.5970149253731343,0.47761194029850745,0.7101449275362319,2000,0.6779661016949152,0.5744628186222878,0.7647058823529411,2000
breast,posterior_absent,case,159,159,108,51,resnet18,0.7924528301886793,0.7232704402515723,0.8553459119496856,2000,0.8208061002178649,0.7465241952915324,0.8863717251390394,2000,0.6862745098039216,0.5576923076923077,0.8135691761923531,2000,0.8425925925925926,0.7676658829676071,0.9091113841113839,2000,0.6730769230769231,0.5434506263817244,0.8,2000,0.6796116504854369,0.5714285714285714,0.7777777777777778,2000
breast,posterior_absent,case,159,159,108,51,vit_b,0.7547169811320755,0.6855345911949685,0.8176100628930818,2000,0.7901234567901234,0.7068127163483925,0.8661239556397151,2000,0.5882352941176471,0.45454545454545453,0.7291666666666666,2000,0.8333333333333334,0.7623644507307874,0.9,2000,0.625,0.4791666666666667,0.7580943847072877,2000,0.6060606060606061,0.4827586206896552,0.7107636681500317,2000
breast,posterior_absent,case,159,159,108,51,convnext_b,0.7232704402515723,0.6540880503144654,0.7987421383647799,2000,0.8113652868554829,0.7408307292696755,0.8815711208017616,2000,0.6470588235294118,0.517827380952381,0.78,2000,0.7592592592592593,0.6759196696696697,0.8426062091503267,2000,0.559322033898305,0.43103448275862066,0.6889080459770114,2000,0.6,0.48976032273374465,0.7049180327868853,2000
breast,posterior_absent,case,159,159,108,51,sw_forknet,0.7421383647798742,0.6729559748427673,0.8113207547169812,2000,0.8104575163398693,0.7365074088145896,0.8803347675616368,2000,0.7254901960784313,0.6033620689655173,0.8444444444444444,2000,0.75,0.6666666666666666,0.8303926068090787,2000,0.578125,0.4482758620689655,0.6949152542372882,2000,0.6434782608695652,0.5320816757327271,0.7368421052631579,2000
breast,posterior_absent,case,159,159,108,51,hovertrans,0.6855345911949685,0.610062893081761,0.7547169811320755,2000,0.5430283224400871,0.4423063973063973,0.6368248351678292,2000,0.0784313725490196,0.016942090395480225,0.1568627450980392,2000,0.9722222222222222,0.9363636363636364,1.0,2000,0.5714285714285714,0.14285714285714285,1.0,2000,0.13793103448275862,0.03125,0.2592712842712842,2000
breast,posterior_present,image,93,93,46,47,iada,0.7741935483870968,0.6881720430107527,0.8602150537634409,2000,0.8607770582793709,0.7768454491725769,0.928576516076516,2000,0.851063829787234,0.7446808510638298,0.9473684210526315,2000,0.6956521739130435,0.5609756097560976,0.8260869565217391,2000,0.7407407407407407,0.6225927130774235,0.8525017076502729,2000,0.7920792079207921,0.7010309278350515,0.8713134611333472,2000
breast,posterior_present,image,93,93,46,47,original_dabi,0.7741935483870968,0.6881720430107527,0.8602150537634409,2000,0.8635522664199815,0.782132601277643,0.930629101720433,2000,0.851063829787234,0.7446808510638298,0.9473684210526315,2000,0.6956521739130435,0.5609756097560976,0.8260869565217391,2000,0.7407407407407407,0.6225927130774235,0.8525017076502729,2000,0.7920792079207921,0.7010309278350515,0.8713134611333472,2000
breast,posterior_present,image,93,93,46,47,resnet18,0.7419354838709677,0.6451612903225806,0.8279569892473119,2000,0.8108233117483812,0.7159873287008154,0.8923099888558893,2000,0.8085106382978723,0.6888541666666667,0.9148936170212766,2000,0.6739130434782609,0.5333333333333333,0.8048949864498645,2000,0.7169811320754716,0.5892594537815127,0.8301886792452831,2000,0.76,0.6526315789473685,0.8468468468468469,2000
breast,posterior_present,image,93,93,46,47,vit_b,0.7419354838709677,0.6451612903225806,0.8279569892473119,2000,0.8265494912118408,0.7340076244461299,0.9074982215155005,2000,0.7872340425531915,0.6666666666666666,0.9,2000,0.6956521739130435,0.5625,0.8269817073170728,2000,0.7254901960784313,0.6,0.8478260869565217,2000,0.7551020408163265,0.6475901875901876,0.84,2000
breast,posterior_present,image,93,93,46,47,convnext_b,0.7419354838709677,0.6451612903225806,0.8279569892473119,2000,0.8311748381128584,0.7386535835425753,0.9075709939148072,2000,0.851063829787234,0.74,0.9444444444444444,2000,0.6304347826086957,0.477245670995671,0.7619360902255637,2000,0.7017543859649122,0.5806027164685909,0.8182190760059611,2000,0.7692307692307693,0.6666666666666666,0.8495575221238938,2000
breast,posterior_present,image,93,93,46,47,sw_forknet,0.7311827956989247,0.6451612903225806,0.8172043010752689,2000,0.8353376503237743,0.7488156626286878,0.9103641456582633,2000,0.8723404255319149,0.7674418604651163,0.9574468085106383,2000,0.5869565217391305,0.4443798449612403,0.7241594827586205,2000,0.6833333333333333,0.5625,0.7966101694915254,2000,0.7663551401869159,0.6666666666666666,0.845360824742268,2000
breast,posterior_present,image,93,93,46,47,hovertrans,0.5698924731182796,0.4731182795698925,0.6774193548387096,2000,0.5383903792784459,0.4164902166317261,0.6618723950468136,2000,0.23404255319148937,0.11904761904761904,0.3684210526315789,2000,0.9130434782608695,0.8260869565217391,0.9795918367346939,2000,0.7333333333333333,0.5,0.9375,2000,0.3548387096774194,0.19672131147540983,0.5070422535211268,2000
breast,posterior_present,case,93,93,46,47,iada,0.7741935483870968,0.6881720430107527,0.8602150537634409,2000,0.8607770582793709,0.7768454491725769,0.928576516076516,2000,0.851063829787234,0.7446808510638298,0.9473684210526315,2000,0.6956521739130435,0.5609756097560976,0.8260869565217391,2000,0.7407407407407407,0.6225927130774235,0.8525017076502729,2000,0.7920792079207921,0.7010309278350515,0.8713134611333472,2000
breast,posterior_present,case,93,93,46,47,original_dabi,0.7741935483870968,0.6881720430107527,0.8602150537634409,2000,0.8635522664199815,0.782132601277643,0.930629101720433,2000,0.851063829787234,0.7446808510638298,0.9473684210526315,2000,0.6956521739130435,0.5609756097560976,0.8260869565217391,2000,0.7407407407407407,0.6225927130774235,0.8525017076502729,2000,0.7920792079207921,0.7010309278350515,0.8713134611333472,2000
breast,posterior_present,case,93,93,46,47,resnet18,0.7419354838709677,0.6451612903225806,0.8279569892473119,2000,0.8108233117483812,0.7159873287008154,0.8923099888558893,2000,0.8085106382978723,0.6888541666666667,0.9148936170212766,2000,0.6739130434782609,0.5333333333333333,0.8048949864498645,2000,0.7169811320754716,0.5892594537815127,0.8301886792452831,2000,0.76,0.6526315789473685,0.8468468468468469,2000
breast,posterior_present,case,93,93,46,47,vit_b,0.7419354838709677,0.6451612903225806,0.8279569892473119,2000,0.8265494912118408,0.7340076244461299,0.9074982215155005,2000,0.7872340425531915,0.6666666666666666,0.9,2000,0.6956521739130435,0.5625,0.8269817073170728,2000,0.7254901960784313,0.6,0.8478260869565217,2000,0.7551020408163265,0.6475901875901876,0.84,2000
breast,posterior_present,case,93,93,46,47,convnext_b,0.7419354838709677,0.6451612903225806,0.8279569892473119,2000,0.8311748381128584,0.7386535835425753,0.9075709939148072,2000,0.851063829787234,0.74,0.9444444444444444,2000,0.6304347826086957,0.477245670995671,0.7619360902255637,2000,0.7017543859649122,0.5806027164685909,0.8182190760059611,2000,0.7692307692307693,0.6666666666666666,0.8495575221238938,2000
breast,posterior_present,case,93,93,46,47,sw_forknet,0.7311827956989247,0.6451612903225806,0.8172043010752689,2000,0.8353376503237743,0.7488156626286878,0.9103641456582633,2000,0.8723404255319149,0.7674418604651163,0.9574468085106383,2000,0.5869565217391305,0.4443798449612403,0.7241594827586205,2000,0.6833333333333333,0.5625,0.7966101694915254,2000,0.7663551401869159,0.6666666666666666,0.845360824742268,2000
breast,posterior_present,case,93,93,46,47,hovertrans,0.5698924731182796,0.4731182795698925,0.6774193548387096,2000,0.5383903792784459,0.4164902166317261,0.6618723950468136,2000,0.23404255319148937,0.11904761904761904,0.3684210526315789,2000,0.9130434782608695,0.8260869565217391,0.9795918367346939,2000,0.7333333333333333,0.5,0.9375,2000,0.3548387096774194,0.19672131147540983,0.5070422535211268,2000
busbra,all,image,1875,1064,1268,607,iada,0.8016,0.7810171495318632,0.8228333710545552,2000,0.8506943181286671,0.8277857958367576,0.874006133678589,2000,0.6046128500823723,0.5604114994028939,0.649158005543119,2000,0.8958990536277602,0.8770293661330409,0.9155953624717255,2000,0.7354709418837675,0.6871178770237539,0.7813765182186235,2000,0.6636528028933092,0.6266996952338091,0.7007420003861513,2000
busbra,all,image,1875,1064,1268,607,original_dabi,0.8026666666666666,0.7818270626467023,0.8240610867925171,2000,0.8507839662403401,0.8279152720272319,0.8742261621832522,2000,0.6095551894563427,0.5644857953131996,0.654903993432579,2000,0.8951104100946372,0.8760831097079715,0.9148290301836539,2000,0.73558648111332,0.686762577333728,0.7804983863287657,2000,0.6666666666666666,0.6279222892567521,0.7025126461563976,2000
busbra,all,image,1875,1064,1268,607,resnet18,0.7077333333333333,0.6852903826207346,0.7320635912923243,2000,0.7389615890322682,0.7120514958453302,0.7652845460441438,2000,0.39373970345963755,0.35438751926040063,0.4366203212425236,2000,0.8580441640378549,0.8378373328485436,0.8783282807522351,2000,0.5704057279236276,0.5158199643493762,0.6226815838800375,2000,0.46588693957115007,0.42528153607698144,0.5040384925263189,2000
busbra,all,image,1875,1064,1268,607,vit_b,0.7621333333333333,0.738434144495576,0.7869413607411171,2000,0.798178714160244,0.7703592287138702,0.824812933771243,2000,0.5321252059308073,0.48495434162855616,0.5803737235985892,2000,0.8722397476340694,0.8521737447839547,0.8929453163958723,2000,0.6659793814432989,0.615826924917834,0.7151279948966414,2000,0.5915750915750916,0.548980640453057,0.6324195831724618,2000
busbra,all,image,1875,1064,1268,607,convnext_b,0.7184,0.695620876976605,0.7418521623496762,2000,0.7759238952494296,0.7497826274995333,0.80183849756512,2000,0.5766062602965404,0.5323269042170644,0.6231423406139315,2000,0.7862776025236593,0.7609553050704252,0.8109163237931606,2000,0.5636070853462157,0.5167203541652312,0.6080486750584652,2000,0.5700325732899023,0.530872793334139,0.6078144032772621,2000
busbra,all,image,1875,1064,1268,607,sw_forknet,0.7029333333333333,0.6807312383188767,0.7270351080680312,2000,0.7312453551884169,0.7028453664554136,0.7607046220773414,2000,0.48105436573311366,0.43880278084134233,0.5263180310230431,2000,0.8091482649842271,0.7868576528559935,0.8320900844189809,2000,0.5468164794007491,0.49612052862613243,0.5957874211390546,2000,0.5118317265556529,0.47285936216431806,0.5498700136456592,2000
busbra,all,image,1875,1064,1268,607,hovertrans,0.7077333333333333,0.6827677907840952,0.7335500396553,2000,0.6680278454830344,0.6370198385459074,0.6997729460436103,2000,0.24546952224052718,0.20672128851540614,0.2852297523753966,2000,0.9290220820189274,0.9122369557573534,0.9447603913089986,2000,0.6234309623430963,0.5489295801167389,0.6967240931681625,2000,0.35224586288416077,0.3035257739034937,0.39955861939327336,2000
busbra,all,case,1064,1064,722,342,iada,0.8195488721804511,0.7969924812030075,0.8430451127819549,2000,0.8699964361503945,0.8470088579968975,0.8939989157592766,2000,0.6345029239766082,0.5825926585887384,0.6859816447321365,2000,0.907202216066482,0.8862676317846514,0.9292950693374422,2000,0.7640845070422535,0.7137404580152672,0.8166150170475429,2000,0.6932907348242812,0.6513854527461652,0.7346971376409989,2000
busbra,all,case,1064,1064,722,342,original_dabi,0.8204887218045113,0.7979323308270677,0.8439849624060151,2000,0.8706808572678233,0.8476964363446154,0.8949168162744554,2000,0.6432748538011696,0.5924831930133199,0.6951574569221628,2000,0.9044321329639889,0.88202778802194,0.9264085179526357,2000,0.7612456747404844,0.7126787675335696,0.812272044189919,2000,0.6973058637083994,0.6547737956137564,0.7377902168431668,2000
busbra,all,case,1064,1064,722,342,resnet18,0.7443609022556391,0.7189849624060151,0.7716165413533834,2000,0.7725980463624436,0.7429075560767202,0.8025422263884769,2000,0.36257309941520466,0.31248566513761467,0.4128157578187649,2000,0.925207756232687,0.9051444386784294,0.9439928864966275,2000,0.6966292134831461,0.6313057040998217,0.7621621621621621,2000,0.47692307692307695,0.4210475513107092,0.5273088779638097,2000
busbra,all,case,1064,1064,722,342,vit_b,0.7781954887218046,0.7537593984962406,0.8045112781954887,2000,0.8183611151609402,0.790855478277964,0.8448165991629917,2000,0.543859649122807,0.4927536231884058,0.5982155759702725,2000,0.889196675900277,0.8659362919105207,0.9107697233109551,2000,0.6992481203007519,0.6434040127678979,0.7527314847314847,2000,0.6118421052631579,0.5669974004237666,0.65533413049835,2000
busbra,all,case,1064,1064,722,342,convnext_b,0.7490601503759399,0.7236842105263158,0.7744595864661653,2000,0.7960668059807876,0.7687086443080597,0.8232851378349166,2000,0.6432748538011696,0.5930455772141281,0.6936936936936937,2000,0.7991689750692521,0.7699420075076816,0.8286924918528229,2000,0.6027397260273972,0.5519260820055024,0.6514327507598784,2000,0.6223479490806223,0.579985294117647,0.6622015574190396,2000
busbra,all,case,1064,1064,722,342,sw_forknet,0.75,0.724624060150376,0.7791353383458647,2000,0.7636033759375355,0.7321609431714499,0.7958137931096706,2000,0.5233918128654971,0.4714285714285714,0.5795828437132785,2000,0.8573407202216067,0.8315068493150685,0.8843972842821194,2000,0.6347517730496454,0.5785679271708684,0.6928404652480871,2000,0.5737179487179487,0.5259588290871997,0.6227968844564903,2000
busbra,all,case,1064,1064,722,342,hovertrans,0.7199248120300752,0.693609022556391,0.7481203007518797,2000,0.6851865351282176,0.6493137287955784,0.7216970630707,2000,0.21929824561403508,0.17714207862981704,0.263305683411571,2000,0.9570637119113573,0.9416426249026881,0.9711541612057667,2000,0.7075471698113207,0.6238532110091743,0.7956989247311828,2000,0.33482142857142855,0.2783677126821027,0.39149160134378497,2000
