dataset,target_kind,target_condition,reference_kind,reference_condition,role,metric,difference,ci_low,ci_high,n_cases,bootstrap
breast,depth,clean,gap,clean,matched_head,accuracy,0.051587301587301626,-0.003968253968253957,0.1071428571428572,252,2000
breast,depth,clean,gap,clean,matched_head,auc,0.02239597137556315,-0.02146858411956356,0.06436209003679082,252,2000
breast,depth,clean,gap,clean,matched_head,recall,-0.05102040816326536,-0.12942647058823528,0.02941176470588236,252,2000
breast,depth,clean,gap,clean,matched_head,specificity,0.11688311688311692,0.039728563959567774,0.1960815338793745,252,2000
breast,depth,clean,gap,clean,matched_head,precision,0.059632545931758596,0.0024982287449392183,0.11692063492063491,252,2000
breast,depth,clean,gap,clean,matched_head,f1,0.023154121863799282,-0.031355871092930615,0.07903061562921364,252,2000
breast,depth,clean,gated,clean,matched_head,accuracy,0.03968253968253965,0.003968253968253954,0.0793650793650793,252,2000
breast,depth,clean,gated,clean,matched_head,auc,0.03710575139146566,0.006441330444103827,0.06583052557123813,252,2000
breast,depth,clean,gated,clean,matched_head,recall,0.05102040816326525,0.0,0.10576923076923073,252,2000
breast,depth,clean,gated,clean,matched_head,specificity,0.03246753246753242,-0.019253355704698025,0.08236418134132632,252,2000
breast,depth,clean,gated,clean,matched_head,precision,0.03937007874015752,-0.0016691117370491197,0.08064764480635242,252,2000
breast,depth,clean,gated,clean,matched_head,f1,0.0444444444444444,0.006405833407765094,0.08468795373980663,252,2000
breast,depth,clean,cls_mean,clean,matched_head,accuracy,-0.003968253968253954,-0.051587301587301626,0.04761904761904756,252,2000
breast,depth,clean,cls_mean,clean,matched_head,auc,0.028889477869069702,-0.012039801317053544,0.07101478481833379,252,2000
breast,depth,clean,cls_mean,clean,matched_head,recall,0.04081632653061218,-0.03192347288949896,0.12121212121212122,252,2000
breast,depth,clean,cls_mean,clean,matched_head,specificity,-0.03246753246753242,-0.09804222302417899,0.03355704697986572,252,2000
breast,depth,clean,cls_mean,clean,matched_head,precision,-0.012344855198184956,-0.06713749705059494,0.04226555916696761,252,2000
breast,depth,clean,cls_mean,clean,matched_head,f1,0.00851851851851848,-0.043534920061062805,0.06353559682977904,252,2000
breast,gap,res168,gap,clean,within_model_probe,accuracy,0.011904761904761973,-0.0357142857142857,0.059523809523809534,252,2000
breast,gap,res168,gap,clean,within_model_probe,auc,-0.03100980652001062,-0.06389936348001814,-0.0009660676723766615,252,2000
breast,gap,res168,gap,clean,within_model_probe,recall,-0.10204081632653061,-0.1875,-0.02020202020202022,252,2000
breast,gap,res168,gap,clean,within_model_probe,specificity,0.0844155844155845,0.025794201714985664,0.14193548387096777,252,2000
breast,gap,res168,gap,clean,within_model_probe,precision,0.020262467191601075,-0.023966361270972687,0.06413094669521723,252,2000
breast,gap,res168,gap,clean,within_model_probe,f1,-0.021290322580645116,-0.07475021639105275,0.03179412898998269,252,2000
breast,gap,res112,gap,clean,within_model_probe,accuracy,-0.023809523809523725,-0.06746031746031744,0.019841269841269882,252,2000
breast,gap,res112,gap,clean,within_model_probe,auc,-0.01272197190564539,-0.04917985603122926,0.025089037238271977,252,2000
breast,gap,res112,gap,clean,within_model_probe,recall,0.010204081632653073,-0.0490196078431373,0.0714285714285714,252,2000
breast,gap,res112,gap,clean,within_model_probe,specificity,-0.045454545454545414,-0.10626041666666668,0.019230769230769166,252,2000
breast,gap,res112,gap,clean,within_model_probe,precision,-0.02135021097046408,-0.059736087807606274,0.01603477748644531,252,2000
breast,gap,res112,gap,clean,within_model_probe,f1,-0.012852822580645129,-0.05262905026467045,0.02792394910385562,252,2000
breast,gap,res56,gap,clean,within_model_probe,accuracy,-0.059523809523809534,-0.13095238095238093,0.00793650793650802,252,2000
breast,gap,res56,gap,clean,within_model_probe,auc,-0.11608799363901412,-0.17800125203977604,-0.06002291924377977,252,2000
breast,gap,res56,gap,clean,within_model_probe,recall,-0.1428571428571429,-0.24326681332495292,-0.0427304964539008,252,2000
breast,gap,res56,gap,clean,within_model_probe,specificity,-0.00649350649350644,-0.09212051237364936,0.08227848101265822,252,2000
breast,gap,res56,gap,clean,within_model_probe,precision,-0.05031630170316298,-0.11433481246141182,0.01142999089689448,252,2000
breast,gap,res56,gap,clean,within_model_probe,f1,-0.08256691832532603,-0.15325431551641397,-0.01572282378481424,252,2000
breast,gap,lateral_shuffle,gap,clean,within_model_probe,accuracy,0.0,0.0,0.0,252,2000
breast,gap,lateral_shuffle,gap,clean,within_model_probe,auc,0.0,0.0,0.0,252,2000
breast,gap,lateral_shuffle,gap,clean,within_model_probe,recall,0.0,0.0,0.0,252,2000
breast,gap,lateral_shuffle,gap,clean,within_model_probe,specificity,0.0,0.0,0.0,252,2000
breast,gap,lateral_shuffle,gap,clean,within_model_probe,precision,0.0,0.0,0.0,252,2000
breast,gap,lateral_shuffle,gap,clean,within_model_probe,f1,0.0,0.0,0.0,252,2000
breast,gap,depth_shuffle,gap,clean,within_model_probe,accuracy,0.0,0.0,0.0,252,2000
breast,gap,depth_shuffle,gap,clean,within_model_probe,auc,0.0,0.0,0.0,252,2000
breast,gap,depth_shuffle,gap,clean,within_model_probe,recall,0.0,0.0,0.0,252,2000
breast,gap,depth_shuffle,gap,clean,within_model_probe,specificity,0.0,0.0,0.0,252,2000
breast,gap,depth_shuffle,gap,clean,within_model_probe,precision,0.0,0.0,0.0,252,2000
breast,gap,depth_shuffle,gap,clean,within_model_probe,f1,0.0,0.0,0.0,252,2000
breast,gap,depth_reverse,gap,clean,within_model_probe,accuracy,0.0,0.0,0.0,252,2000
breast,gap,depth_reverse,gap,clean,within_model_probe,auc,0.0,0.0,0.0,252,2000
breast,gap,depth_reverse,gap,clean,within_model_probe,recall,0.0,0.0,0.0,252,2000
breast,gap,depth_reverse,gap,clean,within_model_probe,specificity,0.0,0.0,0.0,252,2000
breast,gap,depth_reverse,gap,clean,within_model_probe,precision,0.0,0.0,0.0,252,2000
breast,gap,depth_reverse,gap,clean,within_model_probe,f1,0.0,0.0,0.0,252,2000
breast,gap,transpose,gap,clean,within_model_probe,accuracy,0.0,0.0,0.0,252,2000
breast,gap,transpose,gap,clean,within_model_probe,auc,0.0,0.0,0.0,252,2000
breast,gap,transpose,gap,clean,within_model_probe,recall,0.0,0.0,0.0,252,2000
breast,gap,transpose,gap,clean,within_model_probe,specificity,0.0,0.0,0.0,252,2000
breast,gap,transpose,gap,clean,within_model_probe,precision,0.0,0.0,0.0,252,2000
breast,gap,transpose,gap,clean,within_model_probe,f1,0.0,0.0,0.0,252,2000
breast,gated,res168,gated,clean,within_model_probe,accuracy,0.023809523809523725,-0.019841269841269882,0.06746031746031744,252,2000
breast,gated,res168,gated,clean,within_model_probe,auc,-0.013914656771799594,-0.047749540318534414,0.015284281533525772,252,2000
breast,gated,res168,gated,clean,within_model_probe,recall,-0.010204081632653073,-0.09259736540664383,0.0673406862745096,252,2000
breast,gated,res168,gated,clean,within_model_probe,specificity,0.045454545454545414,-0.006172839506172867,0.09655728587319237,252,2000
breast,gated,res168,gated,clean,within_model_probe,precision,0.029709521603917155,-0.01693528693528691,0.0753765098145619,252,2000
breast,gated,res168,gated,clean,within_model_probe,f1,0.014377880184331837,-0.04219709953654914,0.0668796400629779,252,2000
breast,gated,res112,gated,clean,within_model_probe,accuracy,0.031746031746031744,-0.019841269841269882,0.07936507936507942,252,2000
breast,gated,res112,gated,clean,within_model_probe,auc,0.017625231910946226,-0.01611382996186919,0.04937932442728099,252,2000
breast,gated,res112,gated,clean,within_model_probe,recall,0.04081632653061218,-0.0505050505050505,0.13131313131313127,252,2000
breast,gated,res112,gated,clean,within_model_probe,specificity,0.02597402597402587,-0.030868990108120463,0.08054212347325854,252,2000
breast,gated,res112,gated,clean,within_model_probe,precision,0.03149606299212604,-0.0198789536913319,0.08120809868597477,252,2000
breast,gated,res112,gated,clean,within_model_probe,f1,0.03555555555555556,-0.02748954536897639,0.09417447819465387,252,2000
breast,gated,res56,gated,clean,within_model_probe,accuracy,-0.011904761904761973,-0.0714285714285714,0.04365079365079372,252,2000
breast,gated,res56,gated,clean,within_model_probe,auc,-0.020010601643254633,-0.07127300999322232,0.029609345073144402,252,2000
breast,gated,res56,gated,clean,within_model_probe,recall,0.020408163265306034,-0.07370380739081737,0.11363636363636365,252,2000
breast,gated,res56,gated,clean,within_model_probe,specificity,-0.032467532467532534,-0.10624999999999996,0.03974843326370052,252,2000
breast,gated,res56,gated,clean,within_model_probe,precision,-0.014690327888118415,-0.07460645415190865,0.04107219354769993,252,2000
breast,gated,res56,gated,clean,within_model_probe,f1,-0.002068965517241339,-0.06653189750091754,0.0594184955340018,252,2000
breast,gated,lateral_shuffle,gated,clean,within_model_probe,accuracy,0.0,0.0,0.0,252,2000
breast,gated,lateral_shuffle,gated,clean,within_model_probe,auc,0.0,0.0,0.0,252,2000
breast,gated,lateral_shuffle,gated,clean,within_model_probe,recall,0.0,0.0,0.0,252,2000
breast,gated,lateral_shuffle,gated,clean,within_model_probe,specificity,0.0,0.0,0.0,252,2000
breast,gated,lateral_shuffle,gated,clean,within_model_probe,precision,0.0,0.0,0.0,252,2000
breast,gated,lateral_shuffle,gated,clean,within_model_probe,f1,0.0,0.0,0.0,252,2000
breast,gated,depth_shuffle,gated,clean,within_model_probe,accuracy,0.0,0.0,0.0,252,2000
breast,gated,depth_shuffle,gated,clean,within_model_probe,auc,0.0,0.0,0.0,252,2000
breast,gated,depth_shuffle,gated,clean,within_model_probe,recall,0.0,0.0,0.0,252,2000
breast,gated,depth_shuffle,gated,clean,within_model_probe,specificity,0.0,0.0,0.0,252,2000
breast,gated,depth_shuffle,gated,clean,within_model_probe,precision,0.0,0.0,0.0,252,2000
breast,gated,depth_shuffle,gated,clean,within_model_probe,f1,0.0,0.0,0.0,252,2000
breast,gated,depth_reverse,gated,clean,within_model_probe,accuracy,0.0,0.0,0.0,252,2000
breast,gated,depth_reverse,gated,clean,within_model_probe,auc,0.0,0.0,0.0,252,2000
breast,gated,depth_reverse,gated,clean,within_model_probe,recall,0.0,0.0,0.0,252,2000
breast,gated,depth_reverse,gated,clean,within_model_probe,specificity,0.0,0.0,0.0,252,2000
breast,gated,depth_reverse,gated,clean,within_model_probe,precision,0.0,0.0,0.0,252,2000
breast,gated,depth_reverse,gated,clean,within_model_probe,f1,0.0,0.0,0.0,252,2000
breast,gated,transpose,gated,clean,within_model_probe,accuracy,0.0,0.0,0.0,252,2000
breast,gated,transpose,gated,clean,within_model_probe,auc,0.0,0.0,0.0,252,2000
breast,gated,transpose,gated,clean,within_model_probe,recall,0.0,0.0,0.0,252,2000
breast,gated,transpose,gated,clean,within_model_probe,specificity,0.0,0.0,0.0,252,2000
breast,gated,transpose,gated,clean,within_model_probe,precision,0.0,0.0,0.0,252,2000
breast,gated,transpose,gated,clean,within_model_probe,f1,0.0,0.0,0.0,252,2000
breast,cls_mean,res168,cls_mean,clean,within_model_probe,accuracy,-0.04365079365079361,-0.09126984126984128,0.003968253968253954,252,2000
breast,cls_mean,res168,cls_mean,clean,within_model_probe,auc,-0.015968725152398555,-0.04742268041237108,0.013173755081489042,252,2000
breast,cls_mean,res168,cls_mean,clean,within_model_probe,recall,-0.08163265306122458,-0.16846052631578945,0.009615384615384581,252,2000
breast,cls_mean,res168,cls_mean,clean,within_model_probe,specificity,-0.01948051948051943,-0.07285575835890813,0.034728292540792495,252,2000
breast,cls_mean,res168,cls_mean,clean,within_model_probe,precision,-0.04342282885855708,-0.09471262272089767,0.007697670339623349,252,2000
breast,cls_mean,res168,cls_mean,clean,within_model_probe,f1,-0.05981218185009651,-0.1181383376013658,0.00017519353007707276,252,2000
breast,cls_mean,res112,cls_mean,clean,within_model_probe,accuracy,-0.0357142857142857,-0.08730158730158732,0.015873015873015817,252,2000
breast,cls_mean,res112,cls_mean,clean,within_model_probe,auc,-0.003578054598462721,-0.04031238374288354,0.034528830351985035,252,2000
breast,cls_mean,res112,cls_mean,clean,within_model_probe,recall,0.010204081632652962,-0.07081226295828065,0.09278350515463918,252,2000
breast,cls_mean,res112,cls_mean,clean,within_model_probe,specificity,-0.06493506493506485,-0.13335365853658546,0.0,252,2000
breast,cls_mean,res112,cls_mean,clean,within_model_probe,precision,-0.04500065694389699,-0.10215759268609062,0.008179344856418816,252,2000
breast,cls_mean,res112,cls_mean,clean,within_model_probe,f1,-0.02394354707130042,-0.07965130061790147,0.03324408278223035,252,2000
breast,cls_mean,res56,cls_mean,clean,within_model_probe,accuracy,-0.09523809523809523,-0.15873015873015872,-0.031746031746031744,252,2000
breast,cls_mean,res56,cls_mean,clean,within_model_probe,auc,-0.07619931089318843,-0.13890758371281997,-0.011753603797608895,252,2000
breast,cls_mean,res56,cls_mean,clean,within_model_probe,recall,0.0,-0.09903465346534651,0.09345794392523366,252,2000
breast,cls_mean,res56,cls_mean,clean,within_model_probe,specificity,-0.15584415584415579,-0.2400064935064935,-0.07546846730421297,252,2000
breast,cls_mean,res56,cls_mean,clean,within_model_probe,precision,-0.10455956075435668,-0.17361524285286634,-0.038424479166666844,252,2000
breast,cls_mean,res56,cls_mean,clean,within_model_probe,f1,-0.06759259259259265,-0.13682457857558158,0.0026252381845741244,252,2000
breast,cls_mean,lateral_shuffle,cls_mean,clean,within_model_probe,accuracy,0.0,0.0,0.0,252,2000
breast,cls_mean,lateral_shuffle,cls_mean,clean,within_model_probe,auc,0.0,0.0,0.0,252,2000
breast,cls_mean,lateral_shuffle,cls_mean,clean,within_model_probe,recall,0.0,0.0,0.0,252,2000
breast,cls_mean,lateral_shuffle,cls_mean,clean,within_model_probe,specificity,0.0,0.0,0.0,252,2000
breast,cls_mean,lateral_shuffle,cls_mean,clean,within_model_probe,precision,0.0,0.0,0.0,252,2000
breast,cls_mean,lateral_shuffle,cls_mean,clean,within_model_probe,f1,0.0,0.0,0.0,252,2000
breast,cls_mean,depth_shuffle,cls_mean,clean,within_model_probe,accuracy,0.0,0.0,0.0,252,2000
breast,cls_mean,depth_shuffle,cls_mean,clean,within_model_probe,auc,0.0,0.0,0.0,252,2000
breast,cls_mean,depth_shuffle,cls_mean,clean,within_model_probe,recall,0.0,0.0,0.0,252,2000
breast,cls_mean,depth_shuffle,cls_mean,clean,within_model_probe,specificity,0.0,0.0,0.0,252,2000
breast,cls_mean,depth_shuffle,cls_mean,clean,within_model_probe,precision,0.0,0.0,0.0,252,2000
breast,cls_mean,depth_shuffle,cls_mean,clean,within_model_probe,f1,0.0,0.0,0.0,252,2000
breast,cls_mean,depth_reverse,cls_mean,clean,within_model_probe,accuracy,0.0,0.0,0.0,252,2000
breast,cls_mean,depth_reverse,cls_mean,clean,within_model_probe,auc,0.0,0.0,0.0,252,2000
breast,cls_mean,depth_reverse,cls_mean,clean,within_model_probe,recall,0.0,0.0,0.0,252,2000
breast,cls_mean,depth_reverse,cls_mean,clean,within_model_probe,specificity,0.0,0.0,0.0,252,2000
breast,cls_mean,depth_reverse,cls_mean,clean,within_model_probe,precision,0.0,0.0,0.0,252,2000
breast,cls_mean,depth_reverse,cls_mean,clean,within_model_probe,f1,0.0,0.0,0.0,252,2000
breast,cls_mean,transpose,cls_mean,clean,within_model_probe,accuracy,0.0,0.0,0.0,252,2000
breast,cls_mean,transpose,cls_mean,clean,within_model_probe,auc,0.0,0.0,0.0,252,2000
breast,cls_mean,transpose,cls_mean,clean,within_model_probe,recall,0.0,0.0,0.0,252,2000
breast,cls_mean,transpose,cls_mean,clean,within_model_probe,specificity,0.0,0.0,0.0,252,2000
breast,cls_mean,transpose,cls_mean,clean,within_model_probe,precision,0.0,0.0,0.0,252,2000
breast,cls_mean,transpose,cls_mean,clean,within_model_probe,f1,0.0,0.0,0.0,252,2000
breast,depth,res168,depth,clean,within_model_probe,accuracy,-0.02777777777777779,-0.0714285714285714,0.015873015873015817,252,2000
breast,depth,res168,depth,clean,within_model_probe,auc,-0.025112642459581225,-0.05484922209624587,0.002153249210256163,252,2000
breast,depth,res168,depth,clean,within_model_probe,recall,-0.0714285714285714,-0.13829787234042545,-0.009803921568627524,252,2000
breast,depth,res168,depth,clean,within_model_probe,specificity,0.0,-0.05489498644986444,0.052296181630546945,252,2000
breast,depth,res168,depth,clean,within_model_probe,precision,-0.02296587926509186,-0.07015527026852313,0.02330392952635597,252,2000
breast,depth,res168,depth,clean,within_model_probe,f1,-0.042242609582059054,-0.08992538265306121,0.0024303178469636906,252,2000
breast,depth,res112,depth,clean,within_model_probe,accuracy,-0.019841269841269882,-0.06746031746031755,0.02777777777777779,252,2000
breast,depth,res112,depth,clean,within_model_probe,auc,-0.003578054598462721,-0.03946685760794211,0.030995688545869836,252,2000
breast,depth,res112,depth,clean,within_model_probe,recall,-0.04081632653061218,-0.11650485436893199,0.031587346024636,252,2000
breast,depth,res112,depth,clean,within_model_probe,specificity,-0.006493506493506551,-0.07043616537937292,0.05674319956908155,252,2000
breast,depth,res112,depth,clean,within_model_probe,precision,-0.01758953517907036,-0.0708742249288003,0.03313066813374899,252,2000
breast,depth,res112,depth,clean,within_model_probe,f1,-0.026786786786786698,-0.07953929623250398,0.025603712045610162,252,2000
breast,depth,res56,depth,clean,within_model_probe,accuracy,0.003968253968253954,-0.051587301587301626,0.05555555555555558,252,2000
breast,depth,res56,depth,clean,within_model_probe,auc,-0.027365491651205942,-0.07642100310807798,0.018766255128652272,252,2000
breast,depth,res56,depth,clean,within_model_probe,recall,0.08163265306122447,0.0,0.16165739022881861,252,2000
breast,depth,res56,depth,clean,within_model_probe,specificity,-0.045454545454545414,-0.12246994688286275,0.03127003205128194,252,2000
breast,depth,res56,depth,clean,within_model_probe,precision,-0.0077076633026506025,-0.0658111746979362,0.049304639022948876,252,2000
breast,depth,res56,depth,clean,within_model_probe,f1,0.02388888888888896,-0.032732385802234566,0.07809094340010415,252,2000
breast,depth,lateral_shuffle,depth,clean,within_model_probe,accuracy,0.0,0.0,0.0,252,2000
breast,depth,lateral_shuffle,depth,clean,within_model_probe,auc,0.0,0.0,0.0,252,2000
breast,depth,lateral_shuffle,depth,clean,within_model_probe,recall,0.0,0.0,0.0,252,2000
breast,depth,lateral_shuffle,depth,clean,within_model_probe,specificity,0.0,0.0,0.0,252,2000
breast,depth,lateral_shuffle,depth,clean,within_model_probe,precision,0.0,0.0,0.0,252,2000
breast,depth,lateral_shuffle,depth,clean,within_model_probe,f1,0.0,0.0,0.0,252,2000
breast,depth,depth_shuffle,depth,clean,within_model_probe,accuracy,-0.011904761904761862,-0.02777777777777779,0.0,252,2000
breast,depth,depth_shuffle,depth,clean,within_model_probe,auc,-0.00026504108136760074,-0.007778387321490762,0.006908399982800195,252,2000
breast,depth,depth_shuffle,depth,clean,within_model_probe,recall,-0.020408163265306145,-0.052631578947368474,0.0,252,2000
breast,depth,depth_shuffle,depth,clean,within_model_probe,specificity,-0.006493506493506551,-0.02027371759514618,0.0,252,2000
breast,depth,depth_shuffle,depth,clean,within_model_probe,precision,-0.011061117360329997,-0.024793472418195284,0.0,252,2000
breast,depth,depth_shuffle,depth,clean,within_model_probe,f1,-0.014801587301587316,-0.03367408166822748,0.0,252,2000
breast,depth,depth_reverse,depth,clean,within_model_probe,accuracy,-0.019841269841269882,-0.03968253968253965,-0.003968253968253954,252,2000
breast,depth,depth_reverse,depth,clean,within_model_probe,auc,-0.0011264245958123587,-0.009281577747378056,0.007086687088512853,252,2000
breast,depth,depth_reverse,depth,clean,within_model_probe,recall,-0.030612244897959218,-0.06930693069306926,0.0,252,2000
breast,depth,depth_reverse,depth,clean,within_model_probe,specificity,-0.012987012987012991,-0.0326797385620915,0.0,252,2000
breast,depth,depth_reverse,depth,clean,within_model_probe,precision,-0.018997625296837906,-0.03789934040763068,-0.0034543727691808686,252,2000
breast,depth,depth_reverse,depth,clean,within_model_probe,f1,-0.023730158730158712,-0.04853603584993492,-0.003469600436511564,252,2000
breast,depth,transpose,depth,clean,within_model_probe,accuracy,-0.003968253968253954,-0.0357142857142857,0.031746031746031744,252,2000
breast,depth,transpose,depth,clean,within_model_probe,auc,-0.01769149218128807,-0.03843241209527291,0.003672773882934547,252,2000
breast,depth,transpose,depth,clean,within_model_probe,recall,-0.061224489795918324,-0.11340791940018738,-0.01980198019801982,252,2000
breast,depth,transpose,depth,clean,within_model_probe,specificity,0.03246753246753242,-0.007408789386401335,0.07927334033274112,252,2000
breast,depth,transpose,depth,clean,within_model_probe,precision,0.005769752918816096,-0.02962983630952385,0.0442994129838963,252,2000
breast,depth,transpose,depth,clean,within_model_probe,f1,-0.02089304257528557,-0.059265793850766746,0.013952494103840682,252,2000
busbra,depth,clean,gap,clean,matched_head,accuracy,0.24624060150375943,0.21426221804511275,0.2791353383458646,1064,2000
busbra,depth,clean,gap,clean,matched_head,auc,0.0934984043673357,0.06614420393729314,0.12215560221367855,1064,2000
busbra,depth,clean,gap,clean,matched_head,recall,-0.0935672514619883,-0.13451458400602728,-0.05459379013931422,1064,2000
busbra,depth,clean,gap,clean,matched_head,specificity,0.407202216066482,0.3666187492076827,0.44506375673880877,1064,2000
busbra,depth,clean,gap,clean,matched_head,precision,0.15458386979630911,0.12819577637875354,0.18128894872315923,1064,2000
busbra,depth,clean,gap,clean,matched_head,f1,0.11731396926687943,0.0890729111513359,0.1454110275727622,1064,2000
busbra,depth,clean,gated,clean,matched_head,accuracy,0.007518796992481258,-0.013157894736842039,0.026339285714285666,1064,2000
busbra,depth,clean,gated,clean,matched_head,auc,0.0022355056616610858,-0.010731764348939066,0.016009648570615587,1064,2000
busbra,depth,clean,gated,clean,matched_head,recall,0.0029239766081871066,-0.027031109659508397,0.03149662703336873,1064,2000
busbra,depth,clean,gated,clean,matched_head,specificity,0.00969529085872578,-0.01680672268907557,0.03381123154288464,1064,2000
busbra,depth,clean,gated,clean,matched_head,precision,0.007324294841826395,-0.01291367886121758,0.026362623397341932,1064,2000
busbra,depth,clean,gated,clean,matched_head,f1,0.006457867263236383,-0.014025135539871909,0.026375133043643414,1064,2000
busbra,depth,clean,cls_mean,clean,matched_head,accuracy,0.15601503759398494,0.12593984962406013,0.18515037593984962,1064,2000
busbra,depth,clean,cls_mean,clean,matched_head,auc,0.07215175519593076,0.04544428457407563,0.09931025719471501,1064,2000
busbra,depth,clean,cls_mean,clean,matched_head,recall,-0.03508771929824561,-0.07740345445657489,0.005989380755106031,1064,2000
busbra,depth,clean,cls_mean,clean,matched_head,specificity,0.24653739612188363,0.20665364386646717,0.28433181613955577,1064,2000
busbra,depth,clean,cls_mean,clean,matched_head,precision,0.11557092073909131,0.08982308762424289,0.1412607738756116,1064,2000
busbra,depth,clean,cls_mean,clean,matched_head,f1,0.08922129489751274,0.061042845262127464,0.11704424082599471,1064,2000
busbra,gap,res168,gap,clean,within_model_probe,accuracy,0.045112781954887216,0.022556390977443608,0.06766917293233077,1064,2000
busbra,gap,res168,gap,clean,within_model_probe,auc,-0.02265474396980449,-0.045961790945924924,0.00030032552395029525,1064,2000
busbra,gap,res168,gap,clean,within_model_probe,recall,-0.0964912280701754,-0.13277241538225198,-0.0616146458583434,1064,2000
busbra,gap,res168,gap,clean,within_model_probe,specificity,0.11218836565096951,0.08594626870184002,0.1380801348729576,1064,2000
busbra,gap,res168,gap,clean,within_model_probe,precision,0.010509964340660038,-0.002854835850797639,0.024225187030347175,1064,2000
busbra,gap,res168,gap,clean,within_model_probe,f1,-0.00627871816915182,-0.025226718543184735,0.012027124710543168,1064,2000
busbra,gap,res112,gap,clean,within_model_probe,accuracy,0.08552631578947373,0.060150375939849676,0.10996240601503765,1064,2000
busbra,gap,res112,gap,clean,within_model_probe,auc,-0.019050396073285736,-0.04490351958562405,0.008054647624261335,1064,2000
busbra,gap,res112,gap,clean,within_model_probe,recall,-0.08771929824561397,-0.12245918367346942,-0.05182385916601098,1064,2000
busbra,gap,res112,gap,clean,within_model_probe,specificity,0.16759002770083103,0.1358501134510792,0.19752064181625056,1064,2000
busbra,gap,res112,gap,clean,within_model_probe,precision,0.033488640244647594,0.01868437244452077,0.04919722708332843,1064,2000
busbra,gap,res112,gap,clean,within_model_probe,f1,0.01704672667883267,-0.0023105704768837066,0.03613896855855288,1064,2000
busbra,gap,res56,gap,clean,within_model_probe,accuracy,0.09304511278195488,0.06203007518796988,0.12218045112781956,1064,2000
busbra,gap,res56,gap,clean,within_model_probe,auc,-0.04502599990280409,-0.08401501648888564,-0.009867617433728649,1064,2000
busbra,gap,res56,gap,clean,within_model_probe,recall,-0.11111111111111105,-0.15294117647058825,-0.07041872858774272,1064,2000
busbra,gap,res56,gap,clean,within_model_probe,specificity,0.18975069252077564,0.15193240212677478,0.22567889367621766,1064,2000
busbra,gap,res56,gap,clean,within_model_probe,precision,0.03553919583172671,0.016730704899646207,0.05376772504557941,1064,2000
busbra,gap,res56,gap,clean,within_model_probe,f1,0.014024629382696663,-0.011044391530862844,0.037818678623520646,1064,2000
busbra,gap,lateral_shuffle,gap,clean,within_model_probe,accuracy,0.0,0.0,0.0,1064,2000
busbra,gap,lateral_shuffle,gap,clean,within_model_probe,auc,0.0,0.0,0.0,1064,2000
busbra,gap,lateral_shuffle,gap,clean,within_model_probe,recall,0.0,0.0,0.0,1064,2000
busbra,gap,lateral_shuffle,gap,clean,within_model_probe,specificity,0.0,0.0,0.0,1064,2000
busbra,gap,lateral_shuffle,gap,clean,within_model_probe,precision,0.0,0.0,0.0,1064,2000
busbra,gap,lateral_shuffle,gap,clean,within_model_probe,f1,0.0,0.0,0.0,1064,2000
busbra,gap,depth_shuffle,gap,clean,within_model_probe,accuracy,0.0,0.0,0.0,1064,2000
busbra,gap,depth_shuffle,gap,clean,within_model_probe,auc,0.0,0.0,0.0,1064,2000
busbra,gap,depth_shuffle,gap,clean,within_model_probe,recall,0.0,0.0,0.0,1064,2000
busbra,gap,depth_shuffle,gap,clean,within_model_probe,specificity,0.0,0.0,0.0,1064,2000
busbra,gap,depth_shuffle,gap,clean,within_model_probe,precision,0.0,0.0,0.0,1064,2000
busbra,gap,depth_shuffle,gap,clean,within_model_probe,f1,0.0,0.0,0.0,1064,2000
busbra,gap,depth_reverse,gap,clean,within_model_probe,accuracy,0.0,0.0,0.0,1064,2000
busbra,gap,depth_reverse,gap,clean,within_model_probe,auc,0.0,0.0,0.0,1064,2000
busbra,gap,depth_reverse,gap,clean,within_model_probe,recall,0.0,0.0,0.0,1064,2000
busbra,gap,depth_reverse,gap,clean,within_model_probe,specificity,0.0,0.0,0.0,1064,2000
busbra,gap,depth_reverse,gap,clean,within_model_probe,precision,0.0,0.0,0.0,1064,2000
busbra,gap,depth_reverse,gap,clean,within_model_probe,f1,0.0,0.0,0.0,1064,2000
busbra,gap,transpose,gap,clean,within_model_probe,accuracy,0.0,0.0,0.0,1064,2000
busbra,gap,transpose,gap,clean,within_model_probe,auc,0.0,0.0,0.0,1064,2000
busbra,gap,transpose,gap,clean,within_model_probe,recall,0.0,0.0,0.0,1064,2000
busbra,gap,transpose,gap,clean,within_model_probe,specificity,0.0,0.0,0.0,1064,2000
busbra,gap,transpose,gap,clean,within_model_probe,precision,0.0,0.0,0.0,1064,2000
busbra,gap,transpose,gap,clean,within_model_probe,f1,0.0,0.0,0.0,1064,2000
busbra,gated,res168,gated,clean,within_model_probe,accuracy,0.010338345864661647,-0.011278195488721776,0.03195488721804507,1064,2000
busbra,gated,res168,gated,clean,within_model_probe,auc,-0.0056495115906108895,-0.020663078408284512,0.009511527970187771,1064,2000
busbra,gated,res168,gated,clean,within_model_probe,recall,-0.032163742690058506,-0.06686533832802213,0.0029167495739288547,1064,2000
busbra,gated,res168,gated,clean,within_model_probe,specificity,0.030470914127423865,0.00413208930621709,0.05714285714285705,1064,2000
busbra,gated,res168,gated,clean,within_model_probe,precision,0.01092677931387609,-0.010068759666615499,0.03189463726567691,1064,2000
busbra,gated,res168,gated,clean,within_model_probe,f1,-0.0014379084967320876,-0.024562704462868266,0.02239977368884915,1064,2000
busbra,gated,res112,gated,clean,within_model_probe,accuracy,-0.011278195488721776,-0.0357142857142857,0.013157894736842146,1064,2000
busbra,gated,res112,gated,clean,within_model_probe,auc,-0.0026769370332571096,-0.020336559734415054,0.014651736499176279,1064,2000
busbra,gated,res112,gated,clean,within_model_probe,recall,-0.005847953216374213,-0.04334387694840632,0.032262423714036675,1064,2000
busbra,gated,res112,gated,clean,within_model_probe,specificity,-0.013850415512465353,-0.04545926065635616,0.015726286871023724,1064,2000
busbra,gated,res112,gated,clean,within_model_probe,precision,-0.010702027685955628,-0.034048771413130195,0.012612840467589674,1064,2000
busbra,gated,res112,gated,clean,within_model_probe,f1,-0.009946157611355866,-0.035528915954397576,0.015726473529877133,1064,2000
busbra,gated,res56,gated,clean,within_model_probe,accuracy,-0.06015037593984962,-0.08740601503759404,-0.03101503759398494,1064,2000
busbra,gated,res56,gated,clean,within_model_probe,auc,-0.04206962466183928,-0.067999326221966,-0.01710919746887546,1064,2000
busbra,gated,res56,gated,clean,within_model_probe,recall,0.005847953216374324,-0.034785136501516704,0.046381987577639755,1064,2000
busbra,gated,res56,gated,clean,within_model_probe,specificity,-0.09141274238227148,-0.1269674194413934,-0.055470569964280146,1064,2000
busbra,gated,res56,gated,clean,within_model_probe,precision,-0.05189689328615432,-0.07633789426663701,-0.026330593399312582,1064,2000
busbra,gated,res56,gated,clean,within_model_probe,f1,-0.04004591368227739,-0.06693237422055758,-0.011663062490226757,1064,2000
busbra,gated,lateral_shuffle,gated,clean,within_model_probe,accuracy,0.0,0.0,0.0,1064,2000
busbra,gated,lateral_shuffle,gated,clean,within_model_probe,auc,0.0,0.0,0.0,1064,2000
busbra,gated,lateral_shuffle,gated,clean,within_model_probe,recall,0.0,0.0,0.0,1064,2000
busbra,gated,lateral_shuffle,gated,clean,within_model_probe,specificity,0.0,0.0,0.0,1064,2000
busbra,gated,lateral_shuffle,gated,clean,within_model_probe,precision,0.0,0.0,0.0,1064,2000
busbra,gated,lateral_shuffle,gated,clean,within_model_probe,f1,0.0,0.0,0.0,1064,2000
busbra,gated,depth_shuffle,gated,clean,within_model_probe,accuracy,0.0,0.0,0.0,1064,2000
busbra,gated,depth_shuffle,gated,clean,within_model_probe,auc,0.0,0.0,0.0,1064,2000
busbra,gated,depth_shuffle,gated,clean,within_model_probe,recall,0.0,0.0,0.0,1064,2000
busbra,gated,depth_shuffle,gated,clean,within_model_probe,specificity,0.0,0.0,0.0,1064,2000
busbra,gated,depth_shuffle,gated,clean,within_model_probe,precision,0.0,0.0,0.0,1064,2000
busbra,gated,depth_shuffle,gated,clean,within_model_probe,f1,0.0,0.0,0.0,1064,2000
busbra,gated,depth_reverse,gated,clean,within_model_probe,accuracy,0.0,0.0,0.0,1064,2000
busbra,gated,depth_reverse,gated,clean,within_model_probe,auc,0.0,0.0,0.0,1064,2000
busbra,gated,depth_reverse,gated,clean,within_model_probe,recall,0.0,0.0,0.0,1064,2000
busbra,gated,depth_reverse,gated,clean,within_model_probe,specificity,0.0,0.0,0.0,1064,2000
busbra,gated,depth_reverse,gated,clean,within_model_probe,precision,0.0,0.0,0.0,1064,2000
busbra,gated,depth_reverse,gated,clean,within_model_probe,f1,0.0,0.0,0.0,1064,2000
busbra,gated,transpose,gated,clean,within_model_probe,accuracy,0.0,0.0,0.0,1064,2000
busbra,gated,transpose,gated,clean,within_model_probe,auc,0.0,0.0,0.0,1064,2000
busbra,gated,transpose,gated,clean,within_model_probe,recall,0.0,0.0,0.0,1064,2000
busbra,gated,transpose,gated,clean,within_model_probe,specificity,0.0,0.0,0.0,1064,2000
busbra,gated,transpose,gated,clean,within_model_probe,precision,0.0,0.0,0.0,1064,2000
busbra,gated,transpose,gated,clean,within_model_probe,f1,0.0,0.0,0.0,1064,2000
busbra,cls_mean,res168,cls_mean,clean,within_model_probe,accuracy,0.05451127819548862,0.03007518796992481,0.07706766917293228,1064,2000
busbra,cls_mean,res168,cls_mean,clean,within_model_probe,auc,-0.014429541073366692,-0.03427890605405083,0.005992190901198347,1064,2000
busbra,cls_mean,res168,cls_mean,clean,within_model_probe,recall,-0.07602339181286544,-0.11357663761982832,-0.04153995399715556,1064,2000
busbra,cls_mean,res168,cls_mean,clean,within_model_probe,specificity,0.11634349030470914,0.08713819875776396,0.14463215312181968,1064,2000
busbra,cls_mean,res168,cls_mean,clean,within_model_probe,precision,0.028293356989320673,0.011063624847730649,0.04553352383496643,1064,2000
busbra,cls_mean,res168,cls_mean,clean,within_model_probe,f1,0.008289323139637927,-0.013612310808122946,0.029128663686082232,1064,2000
busbra,cls_mean,res112,cls_mean,clean,within_model_probe,accuracy,0.08082706766917291,0.05451127819548873,0.1071428571428571,1064,2000
busbra,cls_mean,res112,cls_mean,clean,within_model_probe,auc,-0.006605271257552836,-0.030032207857435385,0.016724304543639722,1064,2000
busbra,cls_mean,res112,cls_mean,clean,within_model_probe,recall,-0.07309941520467833,-0.11455495356037151,-0.029321238340329847,1064,2000
busbra,cls_mean,res112,cls_mean,clean,within_model_probe,specificity,0.15373961218836563,0.12015219360779421,0.18627805168310102,1064,2000
busbra,cls_mean,res112,cls_mean,clean,within_model_probe,precision,0.04827288658785017,0.02757928226080139,0.06833209777471862,1064,2000
busbra,cls_mean,res112,cls_mean,clean,within_model_probe,f1,0.025604496551294598,0.00011322951789007609,0.050336448684326345,1064,2000
busbra,cls_mean,res56,cls_mean,clean,within_model_probe,accuracy,-0.00187969924812037,-0.03197838345864668,0.025375939849624163,1064,2000
busbra,cls_mean,res56,cls_mean,clean,within_model_probe,auc,-0.049059629683627315,-0.08350677405391578,-0.01898019927518893,1064,2000
busbra,cls_mean,res56,cls_mean,clean,within_model_probe,recall,-0.03508771929824561,-0.08084616108097943,0.008621935419573405,1064,2000
busbra,cls_mean,res56,cls_mean,clean,within_model_probe,specificity,0.013850415512465353,-0.02599626723647364,0.05007105571906731,1064,2000
busbra,cls_mean,res56,cls_mean,clean,within_model_probe,precision,-0.004477388439652619,-0.024892852245985864,0.01406654718400077,1064,2000
busbra,cls_mean,res56,cls_mean,clean,within_model_probe,f1,-0.011285536584179412,-0.036564207031338385,0.012638059914467082,1064,2000
busbra,cls_mean,lateral_shuffle,cls_mean,clean,within_model_probe,accuracy,0.0,0.0,0.0,1064,2000
busbra,cls_mean,lateral_shuffle,cls_mean,clean,within_model_probe,auc,0.0,0.0,0.0,1064,2000
busbra,cls_mean,lateral_shuffle,cls_mean,clean,within_model_probe,recall,0.0,0.0,0.0,1064,2000
busbra,cls_mean,lateral_shuffle,cls_mean,clean,within_model_probe,specificity,0.0,0.0,0.0,1064,2000
busbra,cls_mean,lateral_shuffle,cls_mean,clean,within_model_probe,precision,0.0,0.0,0.0,1064,2000
busbra,cls_mean,lateral_shuffle,cls_mean,clean,within_model_probe,f1,0.0,0.0,0.0,1064,2000
busbra,cls_mean,depth_shuffle,cls_mean,clean,within_model_probe,accuracy,0.0,0.0,0.0,1064,2000
busbra,cls_mean,depth_shuffle,cls_mean,clean,within_model_probe,auc,0.0,0.0,0.0,1064,2000
busbra,cls_mean,depth_shuffle,cls_mean,clean,within_model_probe,recall,0.0,0.0,0.0,1064,2000
busbra,cls_mean,depth_shuffle,cls_mean,clean,within_model_probe,specificity,0.0,0.0,0.0,1064,2000
busbra,cls_mean,depth_shuffle,cls_mean,clean,within_model_probe,precision,0.0,0.0,0.0,1064,2000
busbra,cls_mean,depth_shuffle,cls_mean,clean,within_model_probe,f1,0.0,0.0,0.0,1064,2000
busbra,cls_mean,depth_reverse,cls_mean,clean,within_model_probe,accuracy,0.0,0.0,0.0,1064,2000
busbra,cls_mean,depth_reverse,cls_mean,clean,within_model_probe,auc,0.0,0.0,0.0,1064,2000
busbra,cls_mean,depth_reverse,cls_mean,clean,within_model_probe,recall,0.0,0.0,0.0,1064,2000
busbra,cls_mean,depth_reverse,cls_mean,clean,within_model_probe,specificity,0.0,0.0,0.0,1064,2000
busbra,cls_mean,depth_reverse,cls_mean,clean,within_model_probe,precision,0.0,0.0,0.0,1064,2000
busbra,cls_mean,depth_reverse,cls_mean,clean,within_model_probe,f1,0.0,0.0,0.0,1064,2000
busbra,cls_mean,transpose,cls_mean,clean,within_model_probe,accuracy,0.0,0.0,0.0,1064,2000
busbra,cls_mean,transpose,cls_mean,clean,within_model_probe,auc,0.0,0.0,0.0,1064,2000
busbra,cls_mean,transpose,cls_mean,clean,within_model_probe,recall,0.0,0.0,0.0,1064,2000
busbra,cls_mean,transpose,cls_mean,clean,within_model_probe,specificity,0.0,0.0,0.0,1064,2000
busbra,cls_mean,transpose,cls_mean,clean,within_model_probe,precision,0.0,0.0,0.0,1064,2000
busbra,cls_mean,transpose,cls_mean,clean,within_model_probe,f1,0.0,0.0,0.0,1064,2000
busbra,depth,res168,depth,clean,within_model_probe,accuracy,0.02631578947368418,0.003759398496240518,0.047932330827067604,1064,2000
busbra,depth,res168,depth,clean,within_model_probe,auc,0.004248270722975511,-0.010083680248707188,0.018166176405733977,1064,2000
busbra,depth,res168,depth,clean,within_model_probe,recall,-0.02631578947368418,-0.05866332566546179,0.003058103975535187,1064,2000
busbra,depth,res168,depth,clean,within_model_probe,specificity,0.05124653739612184,0.02124509877492823,0.07923601769306184,1064,2000
busbra,depth,res168,depth,clean,within_model_probe,precision,0.02898550724637683,0.005083346827090865,0.05144651551243759,1064,2000
busbra,depth,res168,depth,clean,within_model_probe,f1,0.013238149508252084,-0.010144181987646486,0.03478056359763678,1064,2000
busbra,depth,res112,depth,clean,within_model_probe,accuracy,0.015037593984962405,-0.009398496240601517,0.03947368421052633,1064,2000
busbra,depth,res112,depth,clean,within_model_probe,auc,0.013149795078647664,-0.0046363817729523134,0.03046225696848072,1064,2000
busbra,depth,res112,depth,clean,within_model_probe,recall,0.01754385964912286,-0.013446368764322217,0.04955090093792517,1064,2000
busbra,depth,res112,depth,clean,within_model_probe,specificity,0.013850415512465353,-0.01931437341134717,0.04526894694505649,1064,2000
busbra,depth,res112,depth,clean,within_model_probe,precision,0.014704326668782408,-0.009549446231575531,0.03877468864315423,1064,2000
busbra,depth,res112,depth,clean,within_model_probe,f1,0.01633863710630168,-0.007629939259521342,0.04036661818817146,1064,2000
busbra,depth,res56,depth,clean,within_model_probe,accuracy,-0.02819548872180455,-0.05733082706766923,0.0009398496240601295,1064,2000
busbra,depth,res56,depth,clean,within_model_probe,auc,-0.010306815052404716,-0.035276633526235904,0.014406252633838844,1064,2000
busbra,depth,res56,depth,clean,within_model_probe,recall,0.011695906432748537,-0.028248587570621434,0.05158226465860644,1064,2000
busbra,depth,res56,depth,clean,within_model_probe,specificity,-0.047091412742382266,-0.08531680440771351,-0.009732076514184423,1064,2000
busbra,depth,res56,depth,clean,within_model_probe,precision,-0.026357160402849356,-0.05376884995712324,0.0007446536647698065,1064,2000
busbra,depth,res56,depth,clean,within_model_probe,f1,-0.017321005079163898,-0.04560817576293038,0.01196364067416913,1064,2000
busbra,depth,lateral_shuffle,depth,clean,within_model_probe,accuracy,0.0,0.0,0.0,1064,2000
busbra,depth,lateral_shuffle,depth,clean,within_model_probe,auc,0.0,0.0,0.0,1064,2000
busbra,depth,lateral_shuffle,depth,clean,within_model_probe,recall,0.0,0.0,0.0,1064,2000
busbra,depth,lateral_shuffle,depth,clean,within_model_probe,specificity,0.0,0.0,0.0,1064,2000
busbra,depth,lateral_shuffle,depth,clean,within_model_probe,precision,0.0,0.0,0.0,1064,2000
busbra,depth,lateral_shuffle,depth,clean,within_model_probe,f1,0.0,0.0,0.0,1064,2000
busbra,depth,depth_shuffle,depth,clean,within_model_probe,accuracy,-0.010338345864661647,-0.019736842105263164,0.0,1064,2000
busbra,depth,depth_shuffle,depth,clean,within_model_probe,auc,-0.0030090230192285627,-0.006297288386158525,-0.00012612220937593128,1064,2000
busbra,depth,depth_shuffle,depth,clean,within_model_probe,recall,0.011695906432748537,-0.002958799360876527,0.028916653878288595,1064,2000
busbra,depth,depth_shuffle,depth,clean,within_model_probe,specificity,-0.020775623268698085,-0.03373980726464046,-0.008619764688471185,1064,2000
busbra,depth,depth_shuffle,depth,clean,within_model_probe,precision,-0.010114469910403767,-0.019782660334634605,-0.0007735518781483526,1064,2000
busbra,depth,depth_shuffle,depth,clean,within_model_probe,f1,-0.004459571048072708,-0.014303189835474244,0.006661527976236756,1064,2000
busbra,depth,depth_reverse,depth,clean,within_model_probe,accuracy,-0.016917293233082775,-0.027255639097744422,-0.005639097744360888,1064,2000
busbra,depth,depth_reverse,depth,clean,within_model_probe,auc,-0.0047180508982520575,-0.00805662957851177,-0.0012158460620244683,1064,2000
busbra,depth,depth_reverse,depth,clean,within_model_probe,recall,0.01754385964912286,0.002881844380403506,0.03481196644097729,1064,2000
busbra,depth,depth_reverse,depth,clean,within_model_probe,specificity,-0.03324099722991691,-0.04841276235749098,-0.018918280628806867,1064,2000
busbra,depth,depth_reverse,depth,clean,within_model_probe,precision,-0.016210966681607597,-0.026852514169723507,-0.005553345928774537,1064,2000
busbra,depth,depth_reverse,depth,clean,within_model_probe,f1,-0.007641128446497669,-0.018165914968957156,0.00407844366736186,1064,2000
busbra,depth,transpose,depth,clean,within_model_probe,accuracy,-0.018796992481203034,-0.03477443609022557,-0.003759398496240629,1064,2000
busbra,depth,transpose,depth,clean,within_model_probe,auc,-0.014834523983087933,-0.02499806381685572,-0.005243426255658156,1064,2000
busbra,depth,transpose,depth,clean,within_model_probe,recall,-0.032163742690058394,-0.05540170823251796,-0.011494252873563204,1064,2000
busbra,depth,transpose,depth,clean,within_model_probe,specificity,-0.012465373961218829,-0.03276470122047864,0.006983484392702329,1064,2000
busbra,depth,transpose,depth,clean,within_model_probe,precision,-0.01812911725955202,-0.033801563824821114,-0.0037029463392070153,1064,2000
busbra,depth,transpose,depth,clean,within_model_probe,f1,-0.023239132833739684,-0.03978896780034041,-0.008750697297477631,1064,2000
