dataset,kind,folds,n_records,parameters,accuracy,accuracy_sd,auc,auc_sd,recall,recall_sd,specificity,specificity_sd,precision,precision_sd,f1,f1_sd
udiat,gap,5,163,6333218,0.8708333333333333,0.04167355314992446,0.8979496261314444,0.04851116994071329,0.8709090909090909,0.12283160548403299,0.8714285714285713,0.07293569393298169,0.785902430902431,0.09655794812605777,0.8150840387682493,0.06402092409824274
udiat,gated,5,163,6333411,0.9079545454545455,0.03865863885506993,0.8982290436835892,0.040879052844047956,0.8327272727272728,0.10688682513962958,0.945021645021645,0.05294143981371584,0.8956643356643357,0.09704560414353422,0.8545165945165945,0.06612930360736921
udiat,cls_mean,5,163,6315714,0.8833333333333334,0.04047184966422146,0.8931129476584022,0.04693393531269548,0.7945454545454546,0.1102364101179936,0.9264069264069266,0.023029326542459573,0.8426767676767677,0.04550782511524497,0.8149231444883618,0.07273383034430171
udiat,depth,5,163,6339282,0.9142045454545455,0.04007640201120172,0.9329122392758757,0.04915534723888093,0.7945454545454546,0.11023641011799358,0.9722943722943723,0.022635353181647395,0.9368181818181818,0.05278210315270831,0.8557972471285165,0.07397563945953486
busi,gap,5,647,6333218,0.9057125819916518,0.01336098634054934,0.9374881823157686,0.014619775578973676,0.8809523809523808,0.04259177099999599,0.91760710553814,0.008641405084236288,0.8372268873731249,0.014091843692458535,0.8580272305530677,0.02258960160667227
busi,gated,5,647,6333411,0.9258318425760287,0.031183493537623938,0.9556413892620789,0.030375311302679984,0.9238095238095239,0.027766437594501422,0.9267763845350052,0.03604349278888976,0.8613751468170072,0.05934712973562728,0.8909013072123309,0.042861505136020876
busi,cls_mean,5,647,6315714,0.9088133571854502,0.018584090285315727,0.9355668756530825,0.013428858800652584,0.8523809523809524,0.05512303287042967,0.9359456635318704,0.03744067975509469,0.8730368906455863,0.07123695481208438,0.85874441200981,0.025063933304946245
busi,depth,5,647,6339282,0.9366368515205725,0.02564450892289181,0.9515493606010847,0.03705403060774398,0.9238095238095237,0.027766437594501415,0.9428422152560085,0.03238347606361433,0.8892733649472673,0.05932621458379666,0.9052420630232051,0.03623394627816991
arc,gap,5,248,6333218,0.758530612244898,0.07371234205406428,0.798768472906404,0.06529669741846758,0.8447619047619048,0.01790628159710776,0.696551724137931,0.12024548809767377,0.675674486803519,0.08593416431504014,0.7482450882450882,0.05799493264211507
arc,gated,5,248,6333411,0.786530612244898,0.06349477804368765,0.7696223316912972,0.06695320498574583,0.7280952380952381,0.06470585810081153,0.8275862068965518,0.10459138543519382,0.7670451770451772,0.11164841040167577,0.7416986680505102,0.0640305297975367
arc,cls_mean,5,248,6315714,0.7219591836734693,0.03529552748897084,0.7767323481116584,0.04522394051990109,0.8642857142857142,0.0817051831981989,0.6206896551724138,0.05770069148510865,0.6190909350197448,0.02874852480488888,0.719786539662316,0.039676874195785104
arc,depth,5,248,6339282,0.8026938775510203,0.039738084611571516,0.8078489326765188,0.04908794422527738,0.7961904761904762,0.08218390968637274,0.8068965517241379,0.07100434579991032,0.7522781312254997,0.05560988363525382,0.769672534695887,0.04444402032569316
