dataset,kind,condition,unit,n_cases,accuracy,accuracy_ci_low,accuracy_ci_high,auc,auc_ci_low,auc_ci_high,recall,recall_ci_low,recall_ci_high,specificity,specificity_ci_low,specificity_ci_high,precision,precision_ci_low,precision_ci_high,f1,f1_ci_low,f1_ci_high
breast,gap,clean,Case,252,0.6666666666666666,0.6111111111111112,0.7261904761904762,0.7860455870659953,0.7292044606995587,0.8389268346262961,0.8367346938775511,0.7623644507307874,0.9101123595505618,0.5584415584415584,0.4794520547945205,0.6385841502656587,0.5466666666666666,0.46574480916688205,0.6258503401360545,0.6612903225806451,0.590894072887465,0.7279701149425287
breast,gap,res168,Case,252,0.6785714285714286,0.6190476190476191,0.7341269841269841,0.7550357805459846,0.6943288961667332,0.8135684406040196,0.7346938775510204,0.6407685175084543,0.8240766178266178,0.6428571428571429,0.5640939597315436,0.7142857142857143,0.5669291338582677,0.4772549715909091,0.6528925619834711,0.64,0.5619047619047619,0.7099648015535867
breast,gap,res112,Case,252,0.6428571428571429,0.5833333333333334,0.6984126984126984,0.7733236151603499,0.7144602004449211,0.83289262555047,0.8469387755102041,0.7755044714515019,0.9175257731958762,0.512987012987013,0.43623673326049633,0.5886359948068808,0.5253164556962026,0.4459418756105503,0.6,0.6484375,0.5764120258055241,0.7122405523856776
breast,gap,res56,Case,252,0.6071428571428571,0.5476190476190477,0.6666666666666666,0.6699575934269811,0.603294925585261,0.7381785206258891,0.6938775510204082,0.6037394862468742,0.7865347836480994,0.551948051948052,0.47204422185285627,0.6280708314158612,0.49635036496350365,0.4148015873015873,0.5789473684210527,0.5787234042553191,0.5,0.6495780590717299
breast,gap,lateral_shuffle,Case,252,0.6666666666666666,0.6111111111111112,0.7261904761904762,0.7860455870659953,0.7292044606995587,0.8389268346262961,0.8367346938775511,0.7623644507307874,0.9101123595505618,0.5584415584415584,0.4794520547945205,0.6385841502656587,0.5466666666666666,0.46574480916688205,0.6258503401360545,0.6612903225806451,0.590894072887465,0.7279701149425287
breast,gap,depth_shuffle,Case,252,0.6666666666666666,0.6111111111111112,0.7261904761904762,0.7860455870659953,0.7292044606995587,0.8389268346262961,0.8367346938775511,0.7623644507307874,0.9101123595505618,0.5584415584415584,0.4794520547945205,0.6385841502656587,0.5466666666666666,0.46574480916688205,0.6258503401360545,0.6612903225806451,0.590894072887465,0.7279701149425287
breast,gap,depth_reverse,Case,252,0.6666666666666666,0.6111111111111112,0.7261904761904762,0.7860455870659953,0.7292044606995587,0.8389268346262961,0.8367346938775511,0.7623644507307874,0.9101123595505618,0.5584415584415584,0.4794520547945205,0.6385841502656587,0.5466666666666666,0.46574480916688205,0.6258503401360545,0.6612903225806451,0.590894072887465,0.7279701149425287
breast,gap,transpose,Case,252,0.6666666666666666,0.6111111111111112,0.7261904761904762,0.7860455870659953,0.7292044606995587,0.8389268346262961,0.8367346938775511,0.7623644507307874,0.9101123595505618,0.5584415584415584,0.4794520547945205,0.6385841502656587,0.5466666666666666,0.46574480916688205,0.6258503401360545,0.6612903225806451,0.590894072887465,0.7279701149425287
breast,gated,clean,Case,252,0.6785714285714286,0.6190476190476191,0.7380952380952381,0.7713358070500927,0.7098696646417493,0.8309623663379194,0.7346938775510204,0.6442307692307693,0.8241899852724593,0.6428571428571429,0.5655097451274363,0.7171052631578947,0.5669291338582677,0.47619047619047616,0.6583432539682539,0.64,0.5627637987012988,0.7114624505928854
breast,gated,res168,Case,252,0.7023809523809523,0.6467261904761905,0.7619047619047619,0.7574211502782932,0.6925839054328679,0.8189061068275784,0.7244897959183674,0.631578947368421,0.8139654759050586,0.6883116883116883,0.6153846153846154,0.76,0.5966386554621849,0.5,0.6837719298245614,0.6543778801843319,0.5728619623941303,0.725282392026578
breast,gated,res112,Case,252,0.7103174603174603,0.6547619047619048,0.7658730158730159,0.788961038961039,0.7298534658653383,0.8471805144088338,0.7755102040816326,0.6929655870445345,0.864090311488673,0.6688311688311688,0.5945734797297297,0.7448310576255497,0.5984251968503937,0.5119952755905512,0.6821797711332594,0.6755555555555556,0.6027367350601184,0.746031746031746
breast,gated,res56,Case,252,0.6666666666666666,0.6071428571428571,0.7261904761904762,0.7513252054068381,0.6927083935170817,0.812671300242607,0.7551020408163265,0.6702100241280983,0.8369565217391305,0.6103896103896104,0.5294022770398482,0.6879084291504672,0.5522388059701493,0.46607705951911704,0.6363636363636364,0.6379310344827587,0.5613955703738985,0.708036800486618
breast,gated,lateral_shuffle,Case,252,0.6785714285714286,0.6190476190476191,0.7380952380952381,0.7713358070500927,0.7098696646417493,0.8309623663379194,0.7346938775510204,0.6442307692307693,0.8241899852724593,0.6428571428571429,0.5655097451274363,0.7171052631578947,0.5669291338582677,0.47619047619047616,0.6583432539682539,0.64,0.5627637987012988,0.7114624505928854
breast,gated,depth_shuffle,Case,252,0.6785714285714286,0.6190476190476191,0.7380952380952381,0.7713358070500927,0.7098696646417493,0.8309623663379194,0.7346938775510204,0.6442307692307693,0.8241899852724593,0.6428571428571429,0.5655097451274363,0.7171052631578947,0.5669291338582677,0.47619047619047616,0.6583432539682539,0.64,0.5627637987012988,0.7114624505928854
breast,gated,depth_reverse,Case,252,0.6785714285714286,0.6190476190476191,0.7380952380952381,0.7713358070500927,0.7098696646417493,0.8309623663379194,0.7346938775510204,0.6442307692307693,0.8241899852724593,0.6428571428571429,0.5655097451274363,0.7171052631578947,0.5669291338582677,0.47619047619047616,0.6583432539682539,0.64,0.5627637987012988,0.7114624505928854
breast,gated,transpose,Case,252,0.6785714285714286,0.6190476190476191,0.7380952380952381,0.7713358070500927,0.7098696646417493,0.8309623663379194,0.7346938775510204,0.6442307692307693,0.8241899852724593,0.6428571428571429,0.5655097451274363,0.7171052631578947,0.5669291338582677,0.47619047619047616,0.6583432539682539,0.64,0.5627637987012988,0.7114624505928854
breast,cls_mean,clean,Case,252,0.7222222222222222,0.6666666666666666,0.7777777777777778,0.7795520805724887,0.7225509823422269,0.8333350026709402,0.7448979591836735,0.6595744680851063,0.8283074648928306,0.7077922077922078,0.6357459280472526,0.7770877565463552,0.6186440677966102,0.5289236331849968,0.7064443947191764,0.6759259259259259,0.6008744394618833,0.7478260869565218
breast,cls_mean,res168,Case,252,0.6785714285714286,0.6190476190476191,0.7380952380952381,0.7635833554200901,0.7039106306211971,0.8203094262637759,0.6632653061224489,0.5698608475648325,0.7608695652173914,0.6883116883116883,0.6178343949044586,0.7610062893081762,0.5752212389380531,0.4811320754716981,0.6666666666666666,0.6161137440758294,0.5340314136125655,0.6905829596412556
breast,cls_mean,res112,Case,252,0.6865079365079365,0.626984126984127,0.7420634920634921,0.775974025974026,0.7178483126538782,0.8343230919206455,0.7551020408163265,0.6665865384615385,0.8411214953271028,0.6428571428571429,0.5657681134654818,0.7159781576448243,0.5736434108527132,0.48386435748281337,0.6585414246999612,0.6519823788546255,0.5728155339805825,0.7197045454545454
breast,cls_mean,res56,Case,252,0.626984126984127,0.5634920634920635,0.6825396825396826,0.7033527696793003,0.6370868768451423,0.7684389152967583,0.7448979591836735,0.6538366336633663,0.826530612244898,0.551948051948052,0.47019867549668876,0.6291448617607558,0.5140845070422535,0.4316546762589928,0.5939405331510595,0.6083333333333333,0.5321868724652518,0.6774193548387096
breast,cls_mean,lateral_shuffle,Case,252,0.7222222222222222,0.6666666666666666,0.7777777777777778,0.7795520805724887,0.7225509823422269,0.8333350026709402,0.7448979591836735,0.6595744680851063,0.8283074648928306,0.7077922077922078,0.6357459280472526,0.7770877565463552,0.6186440677966102,0.5289236331849968,0.7064443947191764,0.6759259259259259,0.6008744394618833,0.7478260869565218
breast,cls_mean,depth_shuffle,Case,252,0.7222222222222222,0.6666666666666666,0.7777777777777778,0.7795520805724887,0.7225509823422269,0.8333350026709402,0.7448979591836735,0.6595744680851063,0.8283074648928306,0.7077922077922078,0.6357459280472526,0.7770877565463552,0.6186440677966102,0.5289236331849968,0.7064443947191764,0.6759259259259259,0.6008744394618833,0.7478260869565218
breast,cls_mean,depth_reverse,Case,252,0.7222222222222222,0.6666666666666666,0.7777777777777778,0.7795520805724887,0.7225509823422269,0.8333350026709402,0.7448979591836735,0.6595744680851063,0.8283074648928306,0.7077922077922078,0.6357459280472526,0.7770877565463552,0.6186440677966102,0.5289236331849968,0.7064443947191764,0.6759259259259259,0.6008744394618833,0.7478260869565218
breast,cls_mean,transpose,Case,252,0.7222222222222222,0.6666666666666666,0.7777777777777778,0.7795520805724887,0.7225509823422269,0.8333350026709402,0.7448979591836735,0.6595744680851063,0.8283074648928306,0.7077922077922078,0.6357459280472526,0.7770877565463552,0.6186440677966102,0.5289236331849968,0.7064443947191764,0.6759259259259259,0.6008744394618833,0.7478260869565218
breast,depth,clean,Case,252,0.7182539682539683,0.6626984126984127,0.7738095238095238,0.8084415584415584,0.7526203953593659,0.8602623310109235,0.7857142857142857,0.7021002412809827,0.8666814159292034,0.6753246753246753,0.5949367088607594,0.7483454390087588,0.6062992125984252,0.5185117599351176,0.693702097620008,0.6844444444444444,0.6090710096355259,0.75
breast,depth,res168,Case,252,0.6904761904761905,0.6349206349206349,0.75,0.7833289159819772,0.7221847339457816,0.840524868483979,0.7142857142857143,0.6237565521258008,0.8058326728749752,0.6753246753246753,0.5987654320987654,0.7467553016603649,0.5833333333333334,0.4918032786885246,0.6730867346938776,0.6422018348623854,0.5618965517241379,0.7136563876651982
breast,depth,res112,Case,252,0.6984126984126984,0.6428571428571429,0.753968253968254,0.8048635038430957,0.748887107223842,0.8592673504602584,0.7448979591836735,0.6597883307742926,0.8297872340425532,0.6688311688311688,0.5933333333333334,0.7415022300310853,0.5887096774193549,0.5,0.6748018292682927,0.6576576576576577,0.5814977973568282,0.7288888888888889
breast,depth,res56,Case,252,0.7222222222222222,0.6666666666666666,0.7777777777777778,0.7810760667903525,0.7215946331217229,0.8376460936203107,0.8673469387755102,0.7962918015102481,0.9306930693069307,0.6298701298701299,0.5508915712878042,0.7039543180133432,0.5985915492957746,0.5149198858647938,0.6791115984960692,0.7083333333333334,0.6406840966051492,0.7698412698412699
breast,depth,lateral_shuffle,Case,252,0.7182539682539683,0.6626984126984127,0.7738095238095238,0.8084415584415584,0.7526203953593659,0.8602623310109235,0.7857142857142857,0.7021002412809827,0.8666814159292034,0.6753246753246753,0.5949367088607594,0.7483454390087588,0.6062992125984252,0.5185117599351176,0.693702097620008,0.6844444444444444,0.6090710096355259,0.75
breast,depth,depth_shuffle,Case,252,0.7063492063492064,0.6468253968253969,0.7619047619047619,0.8081765173601908,0.7523108920259833,0.8611665057126,0.7653061224489796,0.6788710499490317,0.8484848484848485,0.6688311688311688,0.5894039735099338,0.740971227567613,0.5952380952380952,0.5041950638523126,0.681489898989899,0.6696428571428571,0.5925759840558047,0.7373366321674095
breast,depth,depth_reverse,Case,252,0.6984126984126984,0.6388888888888888,0.753968253968254,0.807315133845746,0.7510792384963484,0.859511135505188,0.7551020408163265,0.6666666666666666,0.8425925925925926,0.6623376623376623,0.5827814569536424,0.7323966089530816,0.5873015873015873,0.49624060150375937,0.6740921409214091,0.6607142857142857,0.5833239910313902,0.7280723045477773
breast,depth,transpose,Case,252,0.7142857142857143,0.6587301587301587,0.7698412698412699,0.7907500662602703,0.7322228740579165,0.8489284248832691,0.7244897959183674,0.63,0.8144329896907216,0.7077922077922078,0.6315538048944016,0.7777777777777778,0.6120689655172413,0.5203072692491632,0.6991150442477876,0.6635514018691588,0.5829145728643216,0.7314980158730158
busbra,gap,clean,Case,1064,0.4473684210526316,0.4182330827067669,0.4755639097744361,0.718553077060148,0.6861016373799897,0.7509592296382321,0.9239766081871345,0.8952054346118259,0.9502954182978106,0.22160664819944598,0.1928362237938584,0.2503623047146954,0.35990888382687924,0.3295580021620509,0.39150904463855835,0.5180327868852459,0.4848968127698764,0.550607928047968
busbra,gap,res168,Case,1064,0.4924812030075188,0.462406015037594,0.5207001879699247,0.6958983330903435,0.6597038180321272,0.7285261819554993,0.827485380116959,0.7861066513761468,0.8655807676929228,0.3337950138504155,0.3001348547717842,0.3670565135038046,0.3704188481675393,0.3388601881300852,0.40445964866723744,0.5117540687160941,0.47817417538214,0.5460930640913082
busbra,gap,res112,Case,1064,0.5328947368421053,0.5037359022556391,0.5620300751879699,0.6995026809868623,0.6649706913604845,0.7323770124175843,0.8362573099415205,0.7987983410239508,0.8754164820558262,0.389196675900277,0.35366712520317206,0.4235135624666976,0.39339752407152684,0.3606081648295496,0.4305364511691884,0.5350795135640786,0.5014559729005915,0.5711662494218898
busbra,gap,res56,Case,1064,0.5404135338345865,0.5112781954887218,0.568609022556391,0.673527077157344,0.637002044305022,0.7064837058030272,0.8128654970760234,0.7733701605288007,0.8506107459613557,0.4113573407202216,0.37481712879044804,0.4456836391330364,0.39544807965860596,0.3621545732233241,0.4305017146265096,0.5320574162679426,0.4980376280066683,0.5673931006431777
busbra,gap,lateral_shuffle,Case,1064,0.4473684210526316,0.4182330827067669,0.4755639097744361,0.718553077060148,0.6861016373799897,0.7509592296382321,0.9239766081871345,0.8952054346118259,0.9502954182978106,0.22160664819944598,0.1928362237938584,0.2503623047146954,0.35990888382687924,0.3295580021620509,0.39150904463855835,0.5180327868852459,0.4848968127698764,0.550607928047968
busbra,gap,depth_shuffle,Case,1064,0.4473684210526316,0.4182330827067669,0.4755639097744361,0.718553077060148,0.6861016373799897,0.7509592296382321,0.9239766081871345,0.8952054346118259,0.9502954182978106,0.22160664819944598,0.1928362237938584,0.2503623047146954,0.35990888382687924,0.3295580021620509,0.39150904463855835,0.5180327868852459,0.4848968127698764,0.550607928047968
busbra,gap,depth_reverse,Case,1064,0.4473684210526316,0.4182330827067669,0.4755639097744361,0.718553077060148,0.6861016373799897,0.7509592296382321,0.9239766081871345,0.8952054346118259,0.9502954182978106,0.22160664819944598,0.1928362237938584,0.2503623047146954,0.35990888382687924,0.3295580021620509,0.39150904463855835,0.5180327868852459,0.4848968127698764,0.550607928047968
busbra,gap,transpose,Case,1064,0.4473684210526316,0.4182330827067669,0.4755639097744361,0.718553077060148,0.6861016373799897,0.7509592296382321,0.9239766081871345,0.8952054346118259,0.9502954182978106,0.22160664819944598,0.1928362237938584,0.2503623047146954,0.35990888382687924,0.3295580021620509,0.39150904463855835,0.5180327868852459,0.4848968127698764,0.550607928047968
busbra,gated,clean,Case,1064,0.6860902255639098,0.6588345864661654,0.7133458646616542,0.8098159757658226,0.7813445633019677,0.8366574498027789,0.827485380116959,0.7861441430461732,0.8662665842901337,0.6191135734072022,0.5840164596703449,0.6552232748594689,0.507168458781362,0.46690213855911533,0.5496747764459664,0.6288888888888889,0.5928545946369767,0.6645858090969109
busbra,gated,res168,Case,1064,0.6964285714285714,0.6663533834586466,0.724624060150376,0.8041664641752118,0.7748662362041574,0.8324652484879165,0.7953216374269005,0.7527934287679758,0.8390225944095026,0.649584487534626,0.61400859968817,0.6844319775596073,0.518095238095238,0.47655992525894536,0.5625061274509804,0.6274509803921569,0.589893429795253,0.6666666666666666
busbra,gated,res112,Case,1064,0.674812030075188,0.6475328947368422,0.7030075187969925,0.8071390387325655,0.7791056002954695,0.8357516146155824,0.8216374269005848,0.7791027863515285,0.8626895249362941,0.6052631578947368,0.5685655325729752,0.6406937122283657,0.49646643109540634,0.4575971731448763,0.5363671091217781,0.6189427312775331,0.5827945710203775,0.6556367270646403
busbra,gated,res56,Case,1064,0.6259398496240601,0.5958646616541353,0.6550751879699248,0.7677463511039834,0.7355169777719058,0.7982918224710223,0.8333333333333334,0.7939539395145244,0.8716435094265514,0.5277008310249307,0.48946855717702337,0.5632899702658571,0.45527156549520764,0.41835020685308855,0.49268410890894043,0.5888429752066116,0.5530566834063468,0.6243866760715125
busbra,gated,lateral_shuffle,Case,1064,0.6860902255639098,0.6588345864661654,0.7133458646616542,0.8098159757658226,0.7813445633019677,0.8366574498027789,0.827485380116959,0.7861441430461732,0.8662665842901337,0.6191135734072022,0.5840164596703449,0.6552232748594689,0.507168458781362,0.46690213855911533,0.5496747764459664,0.6288888888888889,0.5928545946369767,0.6645858090969109
busbra,gated,depth_shuffle,Case,1064,0.6860902255639098,0.6588345864661654,0.7133458646616542,0.8098159757658226,0.7813445633019677,0.8366574498027789,0.827485380116959,0.7861441430461732,0.8662665842901337,0.6191135734072022,0.5840164596703449,0.6552232748594689,0.507168458781362,0.46690213855911533,0.5496747764459664,0.6288888888888889,0.5928545946369767,0.6645858090969109
busbra,gated,depth_reverse,Case,1064,0.6860902255639098,0.6588345864661654,0.7133458646616542,0.8098159757658226,0.7813445633019677,0.8366574498027789,0.827485380116959,0.7861441430461732,0.8662665842901337,0.6191135734072022,0.5840164596703449,0.6552232748594689,0.507168458781362,0.46690213855911533,0.5496747764459664,0.6288888888888889,0.5928545946369767,0.6645858090969109
busbra,gated,transpose,Case,1064,0.6860902255639098,0.6588345864661654,0.7133458646616542,0.8098159757658226,0.7813445633019677,0.8366574498027789,0.827485380116959,0.7861441430461732,0.8662665842901337,0.6191135734072022,0.5840164596703449,0.6552232748594689,0.507168458781362,0.46690213855911533,0.5496747764459664,0.6288888888888889,0.5928545946369767,0.6645858090969109
busbra,cls_mean,clean,Case,1064,0.5375939849624061,0.5093984962406015,0.5657894736842105,0.739899726231553,0.7080761199491062,0.7708831426453203,0.8654970760233918,0.8278757323828818,0.899135446685879,0.38227146814404434,0.3469064242987632,0.41746667231821083,0.39892183288409705,0.36621289694809206,0.4339889032536091,0.5461254612546126,0.5112781954887218,0.5822119485482276
busbra,cls_mean,res168,Case,1064,0.5921052631578947,0.5629699248120301,0.6212406015037594,0.7254701851581863,0.6922778065286327,0.756456353278302,0.7894736842105263,0.745247717139928,0.8323353293413174,0.4986149584487535,0.4624053967046153,0.5341767811242897,0.4272151898734177,0.3918462851666234,0.4675133798490748,0.5544147843942505,0.5192270992366412,0.5923807972195069
busbra,cls_mean,res112,Case,1064,0.618421052631579,0.5892857142857143,0.6466165413533834,0.7332944549740001,0.7005828135453286,0.7635764976816782,0.7923976608187134,0.7492092288695217,0.8357405521868381,0.53601108033241,0.49866189802538996,0.5716254410808802,0.4471947194719472,0.4103361296452534,0.4875228613467912,0.5717299578059072,0.5357495199743679,0.6096670436562731
busbra,cls_mean,res56,Case,1064,0.5357142857142857,0.506578947368421,0.5629934210526315,0.6908400965479257,0.6549946015889881,0.7235402419251268,0.8304093567251462,0.7915492957746478,0.8672566371681416,0.3961218836565097,0.36118970625291114,0.43053791241120515,0.39444444444444443,0.36110720973782773,0.4299467893217893,0.5348399246704332,0.49952326400240293,0.5701025610911254
busbra,cls_mean,lateral_shuffle,Case,1064,0.5375939849624061,0.5093984962406015,0.5657894736842105,0.739899726231553,0.7080761199491062,0.7708831426453203,0.8654970760233918,0.8278757323828818,0.899135446685879,0.38227146814404434,0.3469064242987632,0.41746667231821083,0.39892183288409705,0.36621289694809206,0.4339889032536091,0.5461254612546126,0.5112781954887218,0.5822119485482276
busbra,cls_mean,depth_shuffle,Case,1064,0.5375939849624061,0.5093984962406015,0.5657894736842105,0.739899726231553,0.7080761199491062,0.7708831426453203,0.8654970760233918,0.8278757323828818,0.899135446685879,0.38227146814404434,0.3469064242987632,0.41746667231821083,0.39892183288409705,0.36621289694809206,0.4339889032536091,0.5461254612546126,0.5112781954887218,0.5822119485482276
busbra,cls_mean,depth_reverse,Case,1064,0.5375939849624061,0.5093984962406015,0.5657894736842105,0.739899726231553,0.7080761199491062,0.7708831426453203,0.8654970760233918,0.8278757323828818,0.899135446685879,0.38227146814404434,0.3469064242987632,0.41746667231821083,0.39892183288409705,0.36621289694809206,0.4339889032536091,0.5461254612546126,0.5112781954887218,0.5822119485482276
busbra,cls_mean,transpose,Case,1064,0.5375939849624061,0.5093984962406015,0.5657894736842105,0.739899726231553,0.7080761199491062,0.7708831426453203,0.8654970760233918,0.8278757323828818,0.899135446685879,0.38227146814404434,0.3469064242987632,0.41746667231821083,0.39892183288409705,0.36621289694809206,0.4339889032536091,0.5461254612546126,0.5112781954887218,0.5822119485482276
busbra,depth,clean,Case,1064,0.693609022556391,0.6644736842105263,0.7218045112781954,0.8120514814274837,0.7835684373113575,0.8397285481427628,0.8304093567251462,0.7911742175979026,0.868356532557157,0.628808864265928,0.592171598973275,0.664265644298065,0.5144927536231884,0.4734040113214913,0.5575547788460273,0.6353467561521253,0.5988517006802722,0.6715793364086033
busbra,depth,res168,Case,1064,0.7199248120300752,0.6917293233082706,0.7462406015037594,0.8162997521504592,0.7872905345553508,0.8438380327606381,0.804093567251462,0.7619047619047619,0.846820809248555,0.6800554016620498,0.6455249986600866,0.713885371536512,0.5434782608695652,0.5018176343813388,0.5877798933739528,0.6485849056603774,0.6120960979252628,0.6848699135191731
busbra,depth,res112,Case,1064,0.7086466165413534,0.6813674812030075,0.7340225563909775,0.8252012765061314,0.7965063731488957,0.8528762775601406,0.847953216374269,0.8105536517455558,0.8836581202087226,0.6426592797783933,0.6060563559862298,0.6755355089131684,0.5291970802919708,0.48752339251439536,0.5696649029982364,0.651685393258427,0.6153802497162316,0.6857238949391415
busbra,depth,res56,Case,1064,0.6654135338345865,0.6353383458646616,0.6917293233082706,0.801744666375079,0.7700452004976073,0.8311287348773354,0.8421052631578947,0.8011865097957555,0.8782608695652174,0.5817174515235457,0.5463060525406025,0.6153872282608696,0.488135593220339,0.45015036399590264,0.5268733259807783,0.6180257510729614,0.5803103070364186,0.6528925619834711
busbra,depth,lateral_shuffle,Case,1064,0.693609022556391,0.6644736842105263,0.7218045112781954,0.8120514814274837,0.7835684373113575,0.8397285481427628,0.8304093567251462,0.7911742175979026,0.868356532557157,0.628808864265928,0.592171598973275,0.664265644298065,0.5144927536231884,0.4734040113214913,0.5575547788460273,0.6353467561521253,0.5988517006802722,0.6715793364086033
busbra,depth,depth_shuffle,Case,1064,0.6832706766917294,0.6541353383458647,0.7095864661654135,0.8090424584082552,0.78060207208137,0.837230626015787,0.8421052631578947,0.8026950153746562,0.8801122550539249,0.6080332409972299,0.5706293706293706,0.6428622015378389,0.5043782837127846,0.4639125079828483,0.5463957518663348,0.6308871851040526,0.5944683321322763,0.6659665505119842
busbra,depth,depth_reverse,Case,1064,0.6766917293233082,0.6484962406015038,0.7039473684210527,0.8073334305292317,0.7783626840654109,0.8355101951243981,0.847953216374269,0.8085714285714286,0.885716275368086,0.5955678670360111,0.5588153367196461,0.6306195735444331,0.49828178694158076,0.45906840456012143,0.5395436901796664,0.6277056277056277,0.5916091384815516,0.6624361628709455
busbra,depth,transpose,Case,1064,0.674812030075188,0.6456766917293233,0.7020676691729323,0.7972169574443958,0.767594919907644,0.8258131120066811,0.7982456140350878,0.7528735632183908,0.8390804597701149,0.6163434903047091,0.5790191387559809,0.6512612168340878,0.49636363636363634,0.4540538056438792,0.5379064555358177,0.6121076233183856,0.5744174072694375,0.6476491724751541
